"spp","species","year","area_cm2"
"GR","Goniastrea retiformis",2010,12.27814234
"GR","Goniastrea retiformis",2010,91.4515987
"AH","Acropora hyacinthus",2010,19.80795636
"AL","Acropora spathulata",2010,210.9376619
"GR","Goniastrea retiformis",2010,330.5473256
"AS","Acropora humilis",2010,113.8021863
"GR","Goniastrea retiformis",2010,155.5357816
"AS","Acropora humilis",2010,114.5600705
"AD","Acropora cf. digitifera",2010,101.5065923
"AD","Acropora cf. digitifera",2010,96.76451149
"AD","Acropora cf. digitifera",2010,135.276563
"AL","Acropora spathulata",2010,226.6857686
"AL","Acropora spathulata",2010,188.7773052
"AH","Acropora hyacinthus",2010,443.1225326
"AH","Acropora hyacinthus",2010,679.1133251
"AH","Acropora hyacinthus",2010,1127.13328
"AH","Acropora hyacinthus",2010,484.67093
"AH","Acropora hyacinthus",2010,1759.756436
"AD","Acropora cf. digitifera",2010,57.20472946
"AH","Acropora hyacinthus",2010,37.18008905
"AS","Acropora humilis",2010,26.22860265
"AD","Acropora cf. digitifera",2010,31.63215407
"AH","Acropora hyacinthus",2010,69.53977248
"AD","Acropora cf. digitifera",2010,372.8793813
"AH","Acropora hyacinthus",2010,1346.053112
"AH","Acropora hyacinthus",2010,135.7807217
"AH","Acropora hyacinthus",2010,447.4990619
"AH","Acropora hyacinthus",2010,2885.522028
"AH","Acropora hyacinthus",2010,123.4011371
"AH","Acropora hyacinthus",2010,123.4011371
"AH","Acropora hyacinthus",2010,30.52904407
"AH","Acropora hyacinthus",2010,30.52904407
"AH","Acropora hyacinthus",2010,50.05250954
"AH","Acropora hyacinthus",2010,24.48947413
"AH","Acropora hyacinthus",2010,25.7554251
"AN","Acropora nasuta",2010,476.8658128
"AL","Acropora spathulata",2010,515.0878141
"AH","Acropora hyacinthus",2010,209.5175423
"AH","Acropora hyacinthus",2010,191.6540078
"AH","Acropora hyacinthus",2010,293.0388337
"AI","Acropora intermedia",2010,152.5919793
"AI","Acropora intermedia",2010,453.1276722
"AH","Acropora hyacinthus",2010,1472.117822
"AN","Acropora nasuta",2010,962.5647827
"AN","Acropora nasuta",2010,444.8921586
"AD","Acropora cf. digitifera",2010,537.0020257
"AH","Acropora hyacinthus",2010,722.2909889
"AH","Acropora hyacinthus",2010,562.8408355
"AH","Acropora hyacinthus",2010,2516.379725
"AH","Acropora hyacinthus",2010,1209.539353
"AH","Acropora hyacinthus",2010,691.364758
"AN","Acropora nasuta",2010,334.6297801
"AN","Acropora nasuta",2010,21.4132583
"AH","Acropora hyacinthus",2010,871.7294746
"AD","Acropora cf. digitifera",2010,36.42412185
NA,"Acropora nasuta",2010,27.271706
"AN","Acropora nasuta",2010,46.22427342
"AN","Acropora nasuta",2010,311.5849373
"AH","Acropora hyacinthus",2010,338.5618275
"AH","Acropora hyacinthus",2010,331.9861566
"AH","Acropora hyacinthus",2010,643.0273619
"AM","Acropora millepora",2010,9.93638896
"AM","Acropora millepora",2010,170.3632179
"AD","Acropora cf. digitifera",2010,45.03240225
"AD","Acropora cf. digitifera",2010,18.91521782
"AD","Acropora cf. digitifera",2010,159.6073847
"AH","Acropora hyacinthus",2010,1298.811797
"AL","Acropora spathulata",2010,13.73392241
NA,"Acropora nasuta",2010,105.7139307
"AR","Acropora robusta",2010,172.1832602
"AH","Acropora hyacinthus",2010,409.6595563
"AH","Acropora hyacinthus",2010,834.2847882
"AH","Acropora hyacinthus",2010,843.5238082
"AH","Acropora hyacinthus",2010,1006.774673
"GR","Goniastrea retiformis",2010,99.4820335
"AL","Acropora spathulata",2010,258.6813187
"AD","Acropora cf. digitifera",2010,54.62226524
"AH","Acropora hyacinthus",2010,148.597203
"GR","Goniastrea retiformis",2010,127.5441968
"AN","Acropora nasuta",2010,129.7017804
"AN","Acropora nasuta",2010,95.33247013
"AH","Acropora hyacinthus",2010,293.9170796
"AL","Acropora spathulata",2010,1215.757689
"AL","Acropora spathulata",2010,64.46653196
"AS","Acropora humilis",2010,87.80321502
"AH","Acropora hyacinthus",2010,6640.369231
NA,"Acropora nasuta",2010,330.1087098
NA,"Acropora nasuta",2010,62.48081774
"GR","Goniastrea retiformis",2010,14.37172088
"GR","Goniastrea retiformis",2010,250.0065582
"GR","Goniastrea retiformis",2010,303.5648316
"AI","Acropora intermedia",2010,36.78069579
"GR","Goniastrea retiformis",2010,14.13645371
"AH","Acropora hyacinthus",2010,12.21852953
"AH","Acropora hyacinthus",2010,23.38492014
"AL","Acropora spathulata",2010,31.00702921
"AL","Acropora spathulata",2010,26.2342368
NA,"Acropora nasuta",2010,86.58618032
"AH","Acropora hyacinthus",2010,149.1675645
"AH","Acropora hyacinthus",2010,3033.366548
"AH","Acropora hyacinthus",2010,651.3941135
"AH","Acropora hyacinthus",2010,1370.683323
"AI","Acropora intermedia",2010,95.57970497
"GR","Goniastrea retiformis",2010,113.3089563
"AD","Acropora cf. digitifera",2010,24.96363677
"GR","Goniastrea retiformis",2010,17.20229254
"GR","Goniastrea retiformis",2010,12.68271936
"AL","Acropora spathulata",2010,71.34110346
"AL","Acropora spathulata",2010,508.3723931
"AD","Acropora cf. digitifera",2010,345.4460002
"AD","Acropora cf. digitifera",2010,177.7492452
"AH","Acropora hyacinthus",2010,11.04325745
"GR","Goniastrea retiformis",2010,48.05669719
"AD","Acropora cf. digitifera",2010,352.7532936
"AH","Acropora hyacinthus",2010,1046.687251
"AH","Acropora hyacinthus",2010,860.1441622
"AI","Acropora intermedia",2010,148.3319363
"AI","Acropora intermedia",2010,13.82624507
"GR","Goniastrea retiformis",2010,12.27776637
"AD","Acropora cf. digitifera",2010,48.40840841
"AD","Acropora cf. digitifera",2010,48.40840841
"AD","Acropora cf. digitifera",2010,53.1766902
"AD","Acropora cf. digitifera",2010,53.1766902
"AD","Acropora cf. digitifera",2010,17.83702622
"AD","Acropora cf. digitifera",2010,17.83702622
"AH","Acropora hyacinthus",2010,9.693078913
"GP","Goniastrea pectinata",2010,20.54240422
"GP","Goniastrea pectinata",2010,8.415278453
"AD","Acropora cf. digitifera",2010,54.86801362
"AD","Acropora cf. digitifera",2010,235.7269943
"AH","Acropora hyacinthus",2010,415.3912839
"AH","Acropora hyacinthus",2010,75.10751718
"GR","Goniastrea retiformis",2010,30.14480233
"AN","Acropora nasuta",2010,57.11032728
"AN","Acropora nasuta",2010,225.5314133
"AH","Acropora hyacinthus",2010,31.43502771
"AH","Acropora hyacinthus",2010,501.3033825
"AH","Acropora hyacinthus",2010,61.07216863
"AH","Acropora hyacinthus",2010,78.57967367
"AH","Acropora hyacinthus",2010,78.57967367
"AH","Acropora hyacinthus",2010,78.57967367
"AI","Acropora intermedia",2010,1678.310811
"GR","Goniastrea retiformis",2010,86.93760679
"AL","Acropora spathulata",2010,22.3517221
"AL","Acropora spathulata",2010,214.3392875
"AL","Acropora spathulata",2010,23.88032622
"GP","Goniastrea pectinata",2010,28.30552554
"GR","Goniastrea retiformis",2010,75.95094439
"AD","Acropora cf. digitifera",2010,318.0095747
"AD","Acropora cf. digitifera",2010,318.0095747
"AD","Acropora cf. digitifera",2010,447.4115902
"AD","Acropora cf. digitifera",2010,447.4115902
"AH","Acropora hyacinthus",2010,585.0680369
"AS","Acropora humilis",2010,10.77552941
"AS","Acropora humilis",2010,10.77552941
"AS","Acropora humilis",2010,108.9411765
"AS","Acropora humilis",2010,108.9411765
"AD","Acropora cf. digitifera",2010,92.1691678
"AD","Acropora cf. digitifera",2010,92.1691678
"AD","Acropora cf. digitifera",2010,68.27586207
"AD","Acropora cf. digitifera",2010,68.27586207
"AH","Acropora hyacinthus",2010,1280.562424
"AH","Acropora hyacinthus",2010,69.24297794
"AH","Acropora hyacinthus",2010,184.4277644
"AL","Acropora spathulata",2010,47.71567509
"AL","Acropora spathulata",2010,297.7797267
"AH","Acropora hyacinthus",2010,1156.770084
"AD","Acropora cf. digitifera",2010,13.08816023
"AD","Acropora cf. digitifera",2010,5.448579276
"AI","Acropora intermedia",2010,78.34571753
"AI","Acropora intermedia",2010,32.04152233
"AD","Acropora cf. digitifera",2010,40.46082465
NA,"Acropora nasuta",2010,20.60827353
NA,"Acropora nasuta",2010,33.76433698
"GP","Goniastrea pectinata",2010,91.76479328
"GP","Goniastrea pectinata",2010,7.560066803
"AD","Acropora cf. digitifera",2010,36.81980659
"AD","Acropora cf. digitifera",2010,36.81980659
"AD","Acropora cf. digitifera",2010,84.64398557
"AD","Acropora cf. digitifera",2010,84.64398557
"AH","Acropora hyacinthus",2010,460.5420678
"AD","Acropora cf. digitifera",2010,127.0051514
"AD","Acropora cf. digitifera",2010,128.3434124
"AD","Acropora cf. digitifera",2010,26.38311804
"AD","Acropora cf. digitifera",2010,10.73658769
"AD","Acropora cf. digitifera",2010,21.4568396
"AD","Acropora cf. digitifera",2010,21.4568396
"AD","Acropora cf. digitifera",2010,21.4568396
"AD","Acropora cf. digitifera",2010,105.4787061
"AD","Acropora cf. digitifera",2010,29.34607158
"AD","Acropora cf. digitifera",2010,29.34607158
"AD","Acropora cf. digitifera",2010,29.34607158
"AD","Acropora cf. digitifera",2010,29.34607158
"AD","Acropora cf. digitifera",2010,127.7745856
"AD","Acropora cf. digitifera",2010,127.7745856
"AD","Acropora cf. digitifera",2010,127.7745856
"AD","Acropora cf. digitifera",2010,127.7745856
"AR","Acropora robusta",2010,31.28119299
"AR","Acropora robusta",2010,61.64678528
"GR","Goniastrea retiformis",2010,66.43253087
"AI","Acropora intermedia",2010,55.39405006
"AI","Acropora intermedia",2010,44.88356389
"AH","Acropora hyacinthus",2010,13.06510635
"AH","Acropora hyacinthus",2010,13.06510635
"AH","Acropora hyacinthus",2010,934.6134787
"AH","Acropora hyacinthus",2010,934.6134787
"AH","Acropora hyacinthus",2010,275.9585862
"AH","Acropora hyacinthus",2010,275.9585862
"AH","Acropora hyacinthus",2010,275.9585862
"AH","Acropora hyacinthus",2010,275.9585862
"AH","Acropora hyacinthus",2010,584.3056051
"AH","Acropora hyacinthus",2010,584.3056051
"AH","Acropora hyacinthus",2010,584.3056051
"AH","Acropora hyacinthus",2010,584.3056051
"AH","Acropora hyacinthus",2010,69.83220278
"AH","Acropora hyacinthus",2010,69.83220278
"AH","Acropora hyacinthus",2010,69.83220278
"AH","Acropora hyacinthus",2010,69.83220278
"AH","Acropora hyacinthus",2010,284.9196715
"AH","Acropora hyacinthus",2010,284.9196715
"AH","Acropora hyacinthus",2010,284.9196715
"AH","Acropora hyacinthus",2010,284.9196715
NA,"Acropora nasuta",2010,307.4820309
"AH","Acropora hyacinthus",2010,1485.623157
"AI","Acropora intermedia",2010,192.8603473
"AI","Acropora intermedia",2010,93.31492109
"AH","Acropora hyacinthus",2010,78.85395019
"AH","Acropora hyacinthus",2010,78.85395019
"AH","Acropora hyacinthus",2010,37.17303172
"AH","Acropora hyacinthus",2010,37.17303172
"AI","Acropora intermedia",2010,1614.666428
"AI","Acropora intermedia",2010,32.14641258
"AN","Acropora nasuta",2010,413.8399128
"AH","Acropora hyacinthus",2010,2493.469532
"AL","Acropora spathulata",2010,18.80649005
"AL","Acropora spathulata",2010,18.80649005
"AL","Acropora spathulata",2010,18.80649005
"AL","Acropora spathulata",2010,67.03822532
"AL","Acropora spathulata",2010,67.03822532
"AL","Acropora spathulata",2010,67.03822532
"AN","Acropora nasuta",2010,1556.24662
"AI","Acropora intermedia",2010,18.71126575
"AI","Acropora intermedia",2010,10.90604372
"AH","Acropora hyacinthus",2010,3411.076733
"AL","Acropora spathulata",2010,301.4765101
"AD","Acropora cf. digitifera",2010,124.5427222
"AD","Acropora cf. digitifera",2010,124.5427222
"AD","Acropora cf. digitifera",2010,318.4628596
"AD","Acropora cf. digitifera",2010,318.4628596
"AI","Acropora intermedia",2010,85.17384983
"AI","Acropora intermedia",2010,12.70779296
"AD","Acropora cf. digitifera",2010,107.0994688
"AH","Acropora hyacinthus",2010,4027.361655
"AH","Acropora hyacinthus",2010,206.6874046
"AL","Acropora spathulata",2010,1492.798918
"AL","Acropora spathulata",2010,22.30447573
"AH","Acropora hyacinthus",2010,204.626296
"AH","Acropora hyacinthus",2010,204.626296
"AH","Acropora hyacinthus",2010,351.3589237
"AH","Acropora hyacinthus",2010,351.3589237
"AS","Acropora humilis",2010,4272.8448
"AS","Acropora humilis",2010,15.38296225
"AH","Acropora hyacinthus",2010,63.43617754
"AH","Acropora hyacinthus",2010,63.43617754
"AH","Acropora hyacinthus",2010,167.7098711
"AH","Acropora hyacinthus",2010,167.7098711
"AD","Acropora cf. digitifera",2010,54.69748102
"AD","Acropora cf. digitifera",2010,947.6346872
"AH","Acropora hyacinthus",2010,635.4242928
"GP","Goniastrea pectinata",2010,51.50764147
"GP","Goniastrea pectinata",2010,20.8034908
"GR","Goniastrea retiformis",2010,228.7754855
"GP","Goniastrea pectinata",2010,12.77004563
"GP","Goniastrea pectinata",2010,12.77004563
"GR","Goniastrea retiformis",2010,441.6200543
"AH","Acropora hyacinthus",2010,287.3941239
"AD","Acropora cf. digitifera",2010,76.62858661
"AD","Acropora cf. digitifera",2010,76.62858661
"AD","Acropora cf. digitifera",2010,76.62858661
"AD","Acropora cf. digitifera",2010,17.31402763
"AD","Acropora cf. digitifera",2010,17.31402763
"AD","Acropora cf. digitifera",2010,17.31402763
"AD","Acropora cf. digitifera",2010,35.96439957
"AD","Acropora cf. digitifera",2010,35.96439957
"AD","Acropora cf. digitifera",2010,35.96439957
"AD","Acropora cf. digitifera",2010,1729.721041
"AD","Acropora cf. digitifera",2010,1729.721041
"AD","Acropora cf. digitifera",2010,1729.721041
"AS","Acropora humilis",2010,164.2758458
"AD","Acropora cf. digitifera",2010,204.7624629
"AS","Acropora humilis",2010,216.5292094
"AS","Acropora humilis",2010,81.86433642
"GR","Goniastrea retiformis",2010,196.890009
"GR","Goniastrea retiformis",2010,176.7298952
"GR","Goniastrea retiformis",2010,38.74933145
"AS","Acropora humilis",2010,209.0264344
"AS","Acropora humilis",2010,1197.536369
NA,"Acropora nasuta",2010,161.6432432
NA,"Acropora nasuta",2010,14.11658621
"AH","Acropora hyacinthus",2010,542.9673099
"AC","Acropora cytherea",2010,18.49587266
"AS","Acropora humilis",2010,237.493293
"AL","Acropora spathulata",2010,147.7763691
"AL","Acropora spathulata",2010,24.22057554
"GR","Goniastrea retiformis",2010,456.7909463
"AI","Acropora intermedia",2010,745.4071233
"AI","Acropora intermedia",2010,169.163331
"AH","Acropora hyacinthus",2010,66.82811271
"AN","Acropora nasuta",2010,15.6565722
"AN","Acropora nasuta",2010,146.7377088
"AN","Acropora nasuta",2010,60.67982548
"AN","Acropora nasuta",2010,200.9827159
"AN","Acropora nasuta",2010,342.1889546
NA,"Acropora nasuta",2010,46.01798612
"GR","Goniastrea retiformis",2010,92.92160616
"GR","Goniastrea retiformis",2010,92.92160616
"AS","Acropora humilis",2010,110.2991504
"AN","Acropora nasuta",2010,594.9079379
"AN","Acropora nasuta",2010,534.9364283
"GP","Goniastrea pectinata",2010,113.8280345
"AN","Acropora nasuta",2010,830.58845
"AL","Acropora spathulata",2010,53.89620391
"AD","Acropora cf. digitifera",2010,325.7724297
"AL","Acropora spathulata",2010,1255.140407
"AL","Acropora spathulata",2010,17.5777172
"AS","Acropora humilis",2010,65.90918812
"AL","Acropora spathulata",2010,974.9464012
"AL","Acropora spathulata",2010,2687.792287
"AL","Acropora spathulata",2010,246.5987475
"AL","Acropora spathulata",2010,286.7417248
"AN","Acropora nasuta",2010,432.9734735
"AN","Acropora nasuta",2010,235.5592696
"AH","Acropora hyacinthus",2010,4192.899016
"AR","Acropora robusta",2010,370.7882096
"AN","Acropora nasuta",2010,766.9321424
"AI","Acropora intermedia",2010,234.4861841
"AI","Acropora intermedia",2010,32.27811476
"AN","Acropora nasuta",2010,1241.336261
"AH","Acropora hyacinthus",2010,53.01423027
NA,"Acropora nasuta",2010,929.1438162
NA,"Acropora nasuta",2010,94.46885792
NA,"Acropora nasuta",2010,212.8288487
"AS","Acropora humilis",2010,47.26231154
"AN","Acropora nasuta",2010,144.5462749
"AH","Acropora hyacinthus",2010,57.98703844
"AH","Acropora hyacinthus",2010,57.98703844
NA,"Acropora nasuta",2010,107.6152247
NA,"Acropora nasuta",2010,252.1370037
"GR","Goniastrea retiformis",2010,78.77146768
"AN","Acropora nasuta",2010,113.6067409
NA,"Acropora nasuta",2010,479.1033349
NA,"Acropora nasuta",2010,20.29697398
"AH","Acropora hyacinthus",2010,583.019842
"AL","Acropora spathulata",2010,250.4479051
"AN","Acropora nasuta",2010,198.9576326
NA,"Acropora nasuta",2010,102.2719526
NA,"Acropora nasuta",2010,50.79288995
"AH","Acropora hyacinthus",2010,1561.074988
"AI","Acropora intermedia",2010,51.91774562
"AI","Acropora intermedia",2010,64.86860085
"AL","Acropora spathulata",2010,376.4279482
"AR","Acropora robusta",2010,88.17284235
"AH","Acropora hyacinthus",2010,279.8198028
"AI","Acropora intermedia",2010,137.0729601
"AI","Acropora intermedia",2010,38.19574194
"AS","Acropora humilis",2010,83.66902174
"AI","Acropora intermedia",2010,240.3927807
"GR","Goniastrea retiformis",2010,284.0362656
"AD","Acropora cf. digitifera",2010,258.4354173
"AD","Acropora cf. digitifera",2010,173.7839033
"AH","Acropora hyacinthus",2010,270.1511591
"AL","Acropora spathulata",2010,728.2728831
"AL","Acropora spathulata",2010,161.6683329
"AN","Acropora nasuta",2010,490.6678793
"AC","Acropora cytherea",2010,4446.322888
"AH","Acropora hyacinthus",2010,416.1520231
"AH","Acropora hyacinthus",2010,1143.533092
"AH","Acropora hyacinthus",2010,4456.746081
"AL","Acropora spathulata",2010,457.216081
"GP","Goniastrea pectinata",2010,43.57467235
"GP","Goniastrea pectinata",2010,60.75530948
"AD","Acropora cf. digitifera",2010,458.1366935
"AH","Acropora hyacinthus",2010,171.5333757
"AN","Acropora nasuta",2010,348.1002584
"AH","Acropora hyacinthus",2010,216.6251968
NA,"Acropora nasuta",2010,103.4912603
NA,"Acropora nasuta",2010,216.2846733
"AN","Acropora nasuta",2010,173.752325
"AL","Acropora spathulata",2010,150.8200168
"AS","Acropora humilis",2010,171.5485856
"AH","Acropora hyacinthus",2010,206.144499
"AH","Acropora hyacinthus",2010,81.30424698
"AH","Acropora hyacinthus",2010,2923.95958
"AC","Acropora cytherea",2010,7227.097371
"AC","Acropora cytherea",2010,2223.47
"GR","Goniastrea retiformis",2010,140.0095497
"AL","Acropora spathulata",2010,4312.86158
"AL","Acropora spathulata",2010,37.92060324
"AH","Acropora hyacinthus",2010,316.3605981
"AH","Acropora hyacinthus",2010,267.0931503
"AH","Acropora hyacinthus",2010,2756.994071
"AH","Acropora hyacinthus",2010,2518.566872
"AN","Acropora nasuta",2010,784.2358937
"AD","Acropora cf. digitifera",2010,123.6925555
"AH","Acropora hyacinthus",2010,615.2296045
"GP","Goniastrea pectinata",2010,73.42419914
"AS","Acropora humilis",2010,989.6224573
"AS","Acropora humilis",2010,91.3047369
"AH","Acropora hyacinthus",2010,358.2166738
"AD","Acropora cf. digitifera",2010,35.88989541
"AH","Acropora hyacinthus",2010,1372.763353
"AN","Acropora nasuta",2010,749.6088212
"AN","Acropora nasuta",2010,559.8365517
"AN","Acropora nasuta",2010,237.8254313
"AH","Acropora hyacinthus",2010,2432.844142
"AH","Acropora hyacinthus",2010,64.51290851
"GP","Goniastrea pectinata",2010,130.6622469
"GP","Goniastrea pectinata",2010,107.4093899
"GP","Goniastrea pectinata",2010,26.30066355
"AH","Acropora hyacinthus",2010,745.0652085
"AH","Acropora hyacinthus",2010,459.1312117
"AH","Acropora hyacinthus",2010,1048.578668
"AS","Acropora humilis",2010,1857.999477
"AS","Acropora humilis",2010,92.01776876
"AC","Acropora cytherea",2010,5883.993902
NA,"Acropora nasuta",2010,4417.004249
NA,"Acropora nasuta",2010,153.7785046
"AH","Acropora hyacinthus",2010,3415.890334
"AH","Acropora hyacinthus",2010,710.8423957
"AH","Acropora hyacinthus",2010,275.4073697
"AL","Acropora spathulata",2010,96.37107911
"AL","Acropora spathulata",2010,23.63135518
"AH","Acropora hyacinthus",2010,6622.988354
NA,"Acropora nasuta",2010,33.84615385
NA,"Acropora nasuta",2010,219.619533
"GR","Goniastrea retiformis",2010,222.0498911
"GR","Goniastrea retiformis",2010,177.9988451
"AH","Acropora hyacinthus",2010,1271.87125
"AN","Acropora nasuta",2010,1041.583241
"AL","Acropora spathulata",2010,21.70214082
"AL","Acropora spathulata",2010,21.70214082
NA,"Acropora nasuta",2010,670.3993078
NA,"Acropora nasuta",2010,189.3313319
NA,"Acropora nasuta",2010,234.7655084
"AD","Acropora cf. digitifera",2010,191.4785908
NA,"Acropora nasuta",2010,60.30346606
"AH","Acropora hyacinthus",2010,136.8063429
"AH","Acropora hyacinthus",2010,318.6597567
"AH","Acropora hyacinthus",2010,64.04601122
"AL","Acropora spathulata",2010,11.30701147
"GP","Goniastrea pectinata",2010,48.66083134
"GP","Goniastrea pectinata",2010,129.3755375
"GR","Goniastrea retiformis",2010,180.1277778
"AH","Acropora hyacinthus",2010,783.3672037
"AC","Acropora cytherea",2010,100.1276227
"AH","Acropora hyacinthus",2010,2346.110679
"AN","Acropora nasuta",2010,996.8356147
"AD","Acropora cf. digitifera",2010,192.1254015
"AD","Acropora cf. digitifera",2010,192.1254015
"GR","Goniastrea retiformis",2010,121.4379716
"GR","Goniastrea retiformis",2010,423.7560138
"GP","Goniastrea pectinata",2010,294.1126997
"GP","Goniastrea pectinata",2010,238.2598096
"AH","Acropora hyacinthus",2010,59.82822339
NA,"Acropora nasuta",2010,29.63818408
NA,"Acropora nasuta",2010,19.68021617
"AH","Acropora hyacinthus",2010,19.91220702
"GR","Goniastrea retiformis",2010,56.96766458
"AH","Acropora hyacinthus",2010,550.8682749
"AH","Acropora hyacinthus",2010,226.033446
NA,"Acropora nasuta",2010,33.89489228
NA,"Acropora nasuta",2010,66.39209766
NA,"Acropora nasuta",2010,224.7309005
"GR","Goniastrea retiformis",2010,161.1008353
NA,"Acropora nasuta",2010,120.4329328
"AH","Acropora hyacinthus",2010,696.1429343
"GR","Goniastrea retiformis",2010,58.86266572
"AH","Acropora hyacinthus",2010,39.29544079
"AN","Acropora nasuta",2010,286.0107891
"GR","Goniastrea retiformis",2010,170.4107186
"AH","Acropora hyacinthus",2010,449.1308228
"AN","Acropora nasuta",2010,235.2691354
NA,"Acropora nasuta",2010,223.4763171
NA,"Acropora nasuta",2010,127.0183952
"AD","Acropora cf. digitifera",2010,871.5447599
"AD","Acropora cf. digitifera",2010,572.0486854
"AL","Acropora spathulata",2010,50.35607868
"AL","Acropora spathulata",2010,106.5704965
"AL","Acropora spathulata",2010,53.9354985
"GR","Goniastrea retiformis",2010,98.44138593
"AD","Acropora cf. digitifera",2010,198.0612515
NA,"Acropora nasuta",2010,53.30613034
"AL","Acropora spathulata",2010,814.9100665
"AL","Acropora spathulata",2010,240.8042647
NA,"Acropora nasuta",2010,267.7674228
NA,"Acropora nasuta",2010,212.2171642
NA,"Acropora nasuta",2010,15.76876712
NA,"Acropora nasuta",2010,6.227749256
NA,"Acropora nasuta",2010,42.71234919
"AS","Acropora humilis",2010,22.49492317
"AS","Acropora humilis",2010,25.57853181
"AS","Acropora humilis",2010,69.46966023
"AH","Acropora hyacinthus",2010,31.21233962
"GP","Goniastrea pectinata",2010,20.71242029
"AL","Acropora spathulata",2010,351.2330409
"AH","Acropora hyacinthus",2010,1372.387909
"AL","Acropora spathulata",2010,334.6380922
"AN","Acropora nasuta",2010,268.9189189
"GP","Goniastrea pectinata",2010,1128.721661
"GP","Goniastrea pectinata",2010,8.171902537
"AH","Acropora hyacinthus",2010,274.4463718
"AH","Acropora hyacinthus",2010,949.2795434
"GR","Goniastrea retiformis",2010,151.7011189
"AS","Acropora humilis",2010,160.085082
"AD","Acropora cf. digitifera",2010,109.4868618
"AD","Acropora cf. digitifera",2010,13.74705437
"AS","Acropora humilis",2010,479.8902881
"AH","Acropora hyacinthus",2010,1237.424288
"AH","Acropora hyacinthus",2010,5.270155923
"AN","Acropora nasuta",2010,124.1772605
"AH","Acropora hyacinthus",2010,4926.033058
"AH","Acropora hyacinthus",2010,124.7180101
"AH","Acropora hyacinthus",2010,124.7180101
"AH","Acropora hyacinthus",2010,461.5522794
"AH","Acropora hyacinthus",2010,461.5522794
"AN","Acropora nasuta",2010,6798.767303
"AN","Acropora nasuta",2010,352.6772353
"AL","Acropora spathulata",2010,105.955219
"AH","Acropora hyacinthus",2010,1481.222761
"AN","Acropora nasuta",2010,758.6793876
"GP","Goniastrea pectinata",2010,73.23299632
"AR","Acropora robusta",2010,158.6091639
"AL","Acropora spathulata",2010,901.3189838
"AH","Acropora hyacinthus",2010,8617.722772
"AL","Acropora spathulata",2010,350.5621879
NA,"Acropora nasuta",2010,57.57459623
"GP","Goniastrea pectinata",2010,239.4825593
"GP","Goniastrea pectinata",2010,458.8757634
"AN","Acropora nasuta",2010,441.5999184
"AN","Acropora nasuta",2010,138.0640185
"AN","Acropora nasuta",2010,872.0972911
"AN","Acropora nasuta",2010,113.7708007
"GP","Goniastrea pectinata",2010,311.0593439
"AN","Acropora nasuta",2010,254.625194
NA,"Acropora nasuta",2010,20.92955442
"AN","Acropora nasuta",2010,217.668311
"AI","Acropora intermedia",2010,2379.122738
"AD","Acropora cf. digitifera",2010,53.29716833
"AD","Acropora cf. digitifera",2010,200.2751445
"AI","Acropora intermedia",2010,244.9187711
"AL","Acropora spathulata",2010,1569.821222
"GR","Goniastrea retiformis",2010,555.2806549
"GR","Goniastrea retiformis",2010,9.741744141
"AN","Acropora nasuta",2010,604.1997143
"AI","Acropora intermedia",2010,404.3940702
"AI","Acropora intermedia",2010,111.3719688
"AH","Acropora hyacinthus",2010,2661.10203
"AH","Acropora hyacinthus",2010,85.57528094
"AL","Acropora spathulata",2010,126.8662904
"AL","Acropora spathulata",2010,983.7451103
"AD","Acropora cf. digitifera",2010,104.8281119
NA,"Acropora nasuta",2010,16.97580581
NA,"Acropora nasuta",2010,249.2630622
"AN","Acropora nasuta",2010,627.7465293
"AN","Acropora nasuta",2010,212.2367583
"GP","Goniastrea pectinata",2010,98.34672372
"AD","Acropora cf. digitifera",2010,678.4210085
"AD","Acropora cf. digitifera",2010,16.1320523
"AM","Acropora millepora",2010,761.057058
"GP","Goniastrea pectinata",2010,125.0672028
"AD","Acropora cf. digitifera",2010,350.9661112
"AD","Acropora cf. digitifera",2010,1260.736301
"AS","Acropora humilis",2010,413.2768329
"AN","Acropora nasuta",2010,35.48850756
"AS","Acropora humilis",2010,288.7075217
"GP","Goniastrea pectinata",2010,39.29973666
"AM","Acropora millepora",2010,368.6482661
"AM","Acropora millepora",2010,149.3711128
NA,"Acropora nasuta",2010,39.36443602
"AN","Acropora nasuta",2010,324.3329294
NA,"Acropora nasuta",2010,264.0513348
"AN","Acropora nasuta",2010,261.8248902
"AN","Acropora nasuta",2010,261.8248902
"AN","Acropora nasuta",2010,401.8462008
"AN","Acropora nasuta",2010,31.85779316
NA,"Acropora nasuta",2010,143.8616259
NA,"Acropora nasuta",2010,189.8407459
"AL","Acropora spathulata",2010,110.1258159
"AL","Acropora spathulata",2010,11.34625915
"GP","Goniastrea pectinata",2010,121.0820781
"AN","Acropora nasuta",2010,104.335542
"AN","Acropora nasuta",2010,117.3544875
"AN","Acropora nasuta",2010,186.6874071
"AN","Acropora nasuta",2010,196.1732597
"AN","Acropora nasuta",2010,230.0655931
"AN","Acropora nasuta",2010,24.35752931
NA,"Acropora nasuta",2010,120.0834924
NA,"Acropora nasuta",2010,176.5364138
"AS","Acropora humilis",2010,170.8040982
"AN","Acropora nasuta",2010,459.962981
"AN","Acropora nasuta",2010,393.4176985
"GP","Goniastrea pectinata",2010,99.20405725
"GP","Goniastrea pectinata",2010,196.5087491
"GP","Goniastrea pectinata",2010,8.422431924
"AN","Acropora nasuta",2010,186.9998428
"AC","Acropora cytherea",2010,987.7832381
"AC","Acropora cytherea",2010,1291.148141
"AC","Acropora cytherea",2010,471.7090534
"AC","Acropora cytherea",2010,82.0458
"AC","Acropora cytherea",2010,261.0655314
"AC","Acropora cytherea",2010,6910.502398
"GR","Goniastrea retiformis",2010,1163.166316
"GR","Goniastrea retiformis",2010,22.27435986
"AC","Acropora cytherea",2010,7735.024285
"AC","Acropora cytherea",2010,1999.111055
"AC","Acropora cytherea",2010,1301.23601
"GR","Goniastrea retiformis",2010,851.5679489
"GR","Goniastrea retiformis",2010,39.07367381
"AC","Acropora cytherea",2010,851.5894219
NA,"Acropora nasuta",2010,2119.085105
NA,"Acropora nasuta",2010,4.901740423
"AC","Acropora cytherea",2010,4156.405656
"AC","Acropora cytherea",2010,285.9660969
"AC","Acropora cytherea",2010,153.3935916
"AC","Acropora cytherea",2010,646.4162667
"AC","Acropora cytherea",2010,88.37543219
"GR","Goniastrea retiformis",2010,2703.430935
"GR","Goniastrea retiformis",2010,3.402524741
"GR","Goniastrea retiformis",2010,22.24685216
"AC","Acropora cytherea",2010,2755.138272
"AC","Acropora cytherea",2010,995.0650287
"AC","Acropora cytherea",2010,171.5547862
"GR","Goniastrea retiformis",2010,3195.399208
"GR","Goniastrea retiformis",2010,18.36764944
"AC","Acropora cytherea",2010,3530.066189
"AC","Acropora cytherea",2010,1041.024496
"AC","Acropora cytherea",2010,598.6174759
"AC","Acropora cytherea",2010,1391.606227
"AC","Acropora cytherea",2010,726.7533815
"AC","Acropora cytherea",2010,591.5043574
"AC","Acropora cytherea",2010,1814.203333
"AC","Acropora cytherea",2010,577.5014767
"GR","Goniastrea retiformis",2010,276.184279
"GR","Goniastrea retiformis",2010,74.15168547
"AC","Acropora cytherea",2010,1612.127711
"AH","Acropora hyacinthus",2010,427.3847598
"AH","Acropora hyacinthus",2010,96.23090129
"AC","Acropora cytherea",2010,1423.668203
"AC","Acropora cytherea",2010,1375.553482
"AD","Acropora cf. digitifera",2010,276.9746278
"AD","Acropora cf. digitifera",2010,85.40787757
"AC","Acropora cytherea",2010,519.2010517
"AC","Acropora cytherea",2010,478.2949474
"AC","Acropora cytherea",2010,2978.107506
"GR","Goniastrea retiformis",2010,469.1793668
"GR","Goniastrea retiformis",2010,50.34116932
"AC","Acropora cytherea",2010,1238.427983
"AC","Acropora cytherea",2010,2463.657352
"GR","Goniastrea retiformis",2010,5.75367939
"GR","Goniastrea retiformis",2010,5.75367939
"GR","Goniastrea retiformis",2010,5.75367939
"GR","Goniastrea retiformis",2010,5.75367939
"GR","Goniastrea retiformis",2010,2.157174811
"GR","Goniastrea retiformis",2010,2.157174811
"GR","Goniastrea retiformis",2010,2.157174811
"GR","Goniastrea retiformis",2010,2.157174811
"AM","Acropora millepora",2010,578.3407572
"AM","Acropora millepora",2010,298.2033616
"AH","Acropora hyacinthus",2010,747.1294038
"AH","Acropora hyacinthus",2010,3293.981619
"AM","Acropora millepora",2010,494.3720477
"AM","Acropora millepora",2010,208.5157456
"AH","Acropora hyacinthus",2010,763.9313377
"AH","Acropora hyacinthus",2010,75.45314967
"AH","Acropora hyacinthus",2010,610.716022
"AM","Acropora millepora",2010,203.883967
"AH","Acropora hyacinthus",2010,30.64442279
"AH","Acropora hyacinthus",2010,396.0735976
"AM","Acropora millepora",2010,354.6924767
"AM","Acropora millepora",2010,234.5820222
"AM","Acropora millepora",2010,641.0875332
"AD","Acropora cf. digitifera",2010,272.3985132
"AD","Acropora cf. digitifera",2010,219.9256387
"AM","Acropora millepora",2010,218.0796682
"AM","Acropora millepora",2010,353.9830602
"AM","Acropora millepora",2010,524.5899358
"AM","Acropora millepora",2010,78.95259885
"AM","Acropora millepora",2010,474.621947
"AH","Acropora hyacinthus",2010,341.5068135
"AH","Acropora hyacinthus",2010,47.11280875
"GR","Goniastrea retiformis",2010,232.9692706
"GR","Goniastrea retiformis",2010,94.17957612
"AD","Acropora cf. digitifera",2010,83.42767892
"AD","Acropora cf. digitifera",2010,42.4346436
"AM","Acropora millepora",2010,25.36846607
"AM","Acropora millepora",2010,56.95109391
"AI","Acropora intermedia",2010,103.5492716
"AI","Acropora intermedia",2010,798.3478958
"AM","Acropora millepora",2010,320.1562644
"AH","Acropora hyacinthus",2010,651.9397892
"AH","Acropora hyacinthus",2010,13.81634642
"AM","Acropora millepora",2010,386.8190487
"AH","Acropora hyacinthus",2010,500.9841562
"AH","Acropora hyacinthus",2010,893.7621049
"AH","Acropora hyacinthus",2010,77.62771369
"AH","Acropora hyacinthus",2010,183.3870283
"AH","Acropora hyacinthus",2010,30.10648347
"AH","Acropora hyacinthus",2010,1860.732673
"GP","Goniastrea pectinata",2010,71.79636971
"GP","Goniastrea pectinata",2010,19.22099471
"AH","Acropora hyacinthus",2010,2446.941646
"AH","Acropora hyacinthus",2010,39.20345204
"GR","Goniastrea retiformis",2010,231.3676627
"GR","Goniastrea retiformis",2010,317.2544585
"AM","Acropora millepora",2010,902.4376847
"AM","Acropora millepora",2010,899.5493896
"AM","Acropora millepora",2010,659.9934324
"AS","Acropora humilis",2010,1119.653727
"AM","Acropora millepora",2010,1076.982045
"AM","Acropora millepora",2010,372.8711881
"AM","Acropora millepora",2010,451.4375551
"AM","Acropora millepora",2010,526.5445739
"AM","Acropora millepora",2010,387.6299888
"AM","Acropora millepora",2010,265.2079208
"AM","Acropora millepora",2010,1346.463359
"AM","Acropora millepora",2010,714.9603662
"AM","Acropora millepora",2010,427.1623521
"AM","Acropora millepora",2010,319.7536824
"AM","Acropora millepora",2010,654.9307226
"AM","Acropora millepora",2010,543.0750339
"AM","Acropora millepora",2010,1020.044444
"AM","Acropora millepora",2010,559.2749656
"AM","Acropora millepora",2010,947.8773624
"AM","Acropora millepora",2010,455.9190316
"AM","Acropora millepora",2010,176.5094688
"AM","Acropora millepora",2010,522.8762708
"AM","Acropora millepora",2010,105.0100596
"AM","Acropora millepora",2010,105.0100596
"AM","Acropora millepora",2010,55.78582273
"AM","Acropora millepora",2010,55.78582273
"AM","Acropora millepora",2010,355.5307569
"AM","Acropora millepora",2010,410.3763402
"AM","Acropora millepora",2010,498.1926979
"AM","Acropora millepora",2010,272.7112176
"AM","Acropora millepora",2010,1411.407316
"AM","Acropora millepora",2010,244.2936149
"AR","Acropora robusta",2010,1690.562932
"AR","Acropora robusta",2010,6485.51952
"AR","Acropora robusta",2010,72.43528454
"AR","Acropora robusta",2010,243.5233405
"AR","Acropora robusta",2010,1835.882529
"AR","Acropora robusta",2010,142.7782358
"AR","Acropora robusta",2010,1902.741138
"AR","Acropora robusta",2010,106.7772553
"AR","Acropora robusta",2010,1017.125792
"AR","Acropora robusta",2010,322.5021286
"AR","Acropora robusta",2010,3422.810535
"AR","Acropora robusta",2010,263.047597
"AR","Acropora robusta",2010,1644.57415
"AR","Acropora robusta",2010,2934.381375
"AR","Acropora robusta",2010,517.5162712
"AR","Acropora robusta",2010,72.62644748
"AR","Acropora robusta",2010,2038.979734
"AR","Acropora robusta",2010,248.647505
"AR","Acropora robusta",2010,412.5546448
"AR","Acropora robusta",2010,248.1893339
"AR","Acropora robusta",2010,279.6174548
"AR","Acropora robusta",2010,3321.348366
"AR","Acropora robusta",2010,1273.332993
"AR","Acropora robusta",2010,143.1382736
"AR","Acropora robusta",2010,1660.475175
"AR","Acropora robusta",2010,2174.184914
"AR","Acropora robusta",2010,1168.55594
"AR","Acropora robusta",2010,281.8460153
"AR","Acropora robusta",2010,1232.347516
"AR","Acropora robusta",2010,183.2234416
"AR","Acropora robusta",2010,370.7156588
"AR","Acropora robusta",2010,266.8803419
"AR","Acropora robusta",2010,289.4577493
"AR","Acropora robusta",2010,480.2519427
"AR","Acropora robusta",2010,356.7345299
"AR","Acropora robusta",2010,675.1720606
"AR","Acropora robusta",2010,613.5893648
"AR","Acropora robusta",2010,465.1508784
"AR","Acropora robusta",2010,1387.354287
"AR","Acropora robusta",2010,775.0059744
"AR","Acropora robusta",2010,2040.975069
"AR","Acropora robusta",2010,175.7398525
"AR","Acropora robusta",2010,2752.731568
"AR","Acropora robusta",2010,707.8192534
"AR","Acropora robusta",2010,991.1867131
"AR","Acropora robusta",2010,853.7230266
"AR","Acropora robusta",2010,98.96557246
"AS","Acropora humilis",2010,94.02599149
"AS","Acropora humilis",2010,335.248374
"AS","Acropora humilis",2010,92.02080903
"AS","Acropora humilis",2010,246.1924216
"AS","Acropora humilis",2010,133.6328297
"AS","Acropora humilis",2010,441.9870829
"AS","Acropora humilis",2010,88.73476423
"AS","Acropora humilis",2010,110.4843905
"AS","Acropora humilis",2010,243.7642095
"AS","Acropora humilis",2010,23.67390236
"AS","Acropora humilis",2010,79.71575352
"AS","Acropora humilis",2010,155.4419519
"AS","Acropora humilis",2010,355.0772554
"AS","Acropora humilis",2010,230.739826
"GR","Goniastrea retiformis",2010,48.69711782
"AD","Acropora cf. digitifera",2010,21.14170351
"AD","Acropora cf. digitifera",2010,21.14170351
"GR","Goniastrea retiformis",2010,40.79813623
"AD","Acropora cf. digitifera",2010,14.59489104
"AD","Acropora cf. digitifera",2010,199.4454148
"AD","Acropora cf. digitifera",2010,199.4454148
"AD","Acropora cf. digitifera",2010,310.4650655
"AD","Acropora cf. digitifera",2010,310.4650655
"GP","Goniastrea pectinata",2010,40.75726842
"GR","Goniastrea retiformis",2010,86.04060699
"GR","Goniastrea retiformis",2010,14.06245452
"AL","Acropora spathulata",2010,654.7473558
"AH","Acropora hyacinthus",2010,61.71484511
"GR","Goniastrea retiformis",2010,346.4429118
"AD","Acropora cf. digitifera",2010,255.2224059
"AD","Acropora cf. digitifera",2010,71.45420817
"AD","Acropora cf. digitifera",2010,53.72625721
"AD","Acropora cf. digitifera",2010,231.9393475
"AS","Acropora humilis",2010,121.9389771
"AS","Acropora humilis",2010,81.59595032
"AD","Acropora cf. digitifera",2010,123.1941284
"AD","Acropora cf. digitifera",2010,244.1849541
"AD","Acropora cf. digitifera",2010,18.65688073
"GR","Goniastrea retiformis",2010,114.0496923
"GR","Goniastrea retiformis",2010,718.4836111
"AN","Acropora nasuta",2010,62.59239639
"AH","Acropora hyacinthus",2010,751.51091
"AD","Acropora cf. digitifera",2010,138.7315471
"AD","Acropora cf. digitifera",2010,52.35542607
"AD","Acropora cf. digitifera",2010,399.1065052
"AH","Acropora hyacinthus",2010,946.0234007
"AN","Acropora nasuta",2010,258.1328349
"GR","Goniastrea retiformis",2010,580.0361104
"AH","Acropora hyacinthus",2010,6.705971477
"GR","Goniastrea retiformis",2010,307.7397911
"AD","Acropora cf. digitifera",2010,259.7200066
"AD","Acropora cf. digitifera",2010,259.7200066
"AD","Acropora cf. digitifera",2010,382.9186111
"AD","Acropora cf. digitifera",2010,382.9186111
"AI","Acropora intermedia",2010,74.31613061
"AH","Acropora hyacinthus",2010,1972.355567
"AD","Acropora cf. digitifera",2010,55.71877059
"AD","Acropora cf. digitifera",2010,400
"GR","Goniastrea retiformis",2010,16.28695808
"GR","Goniastrea retiformis",2010,16.28695808
"GR","Goniastrea retiformis",2010,4.038990277
"GR","Goniastrea retiformis",2010,4.038990277
"AH","Acropora hyacinthus",2010,1101.081081
"AI","Acropora intermedia",2010,431.1602421
"AH","Acropora hyacinthus",2010,691.8702484
"AN","Acropora nasuta",2010,81.92816204
"AH","Acropora hyacinthus",2010,26.61889935
"AD","Acropora cf. digitifera",2010,255.9114149
"GR","Goniastrea retiformis",2010,176.6629232
"GR","Goniastrea retiformis",2010,29.47630601
"AD","Acropora cf. digitifera",2010,187.6519856
"AM","Acropora millepora",2010,209.6971861
"AH","Acropora hyacinthus",2010,961.4874349
"AI","Acropora intermedia",2010,54.98410952
"AI","Acropora intermedia",2010,86.40447378
"AI","Acropora intermedia",2010,147.952573
"AI","Acropora intermedia",2010,211.9606405
"AD","Acropora cf. digitifera",2010,175.4833215
"AM","Acropora millepora",2010,222.9189468
"AH","Acropora hyacinthus",2010,463.7435097
"AH","Acropora hyacinthus",2010,1764.046996
"GR","Goniastrea retiformis",2010,46.16044117
"GR","Goniastrea retiformis",2010,137.0457885
"AH","Acropora hyacinthus",2010,63.89274665
"AN","Acropora nasuta",2010,510.9072403
NA,"Acropora nasuta",2010,71.31512981
"AC","Acropora cytherea",2010,273.0305195
"AD","Acropora cf. digitifera",2010,325.2189924
"AH","Acropora hyacinthus",2010,2340.753463
"AD","Acropora cf. digitifera",2010,131.7604139
"AH","Acropora hyacinthus",2010,71.23657253
"AH","Acropora hyacinthus",2010,26.36680471
"AH","Acropora hyacinthus",2010,11.6214014
"AD","Acropora cf. digitifera",2010,241.3131205
"AD","Acropora cf. digitifera",2010,27.83194447
"AD","Acropora cf. digitifera",2010,9.871760409
"AD","Acropora cf. digitifera",2010,155.8384302
"AH","Acropora hyacinthus",2010,1777.453175
"AH","Acropora hyacinthus",2010,2013.677173
"AD","Acropora cf. digitifera",2010,221.1564103
"AD","Acropora cf. digitifera",2010,301.3135112
"AH","Acropora hyacinthus",2010,88.77329254
"AH","Acropora hyacinthus",2010,367.9118634
"AD","Acropora cf. digitifera",2010,61.70384937
"AD","Acropora cf. digitifera",2010,197.0174137
"AD","Acropora cf. digitifera",2010,92.09976329
"GR","Goniastrea retiformis",2010,28.05947658
"GR","Goniastrea retiformis",2010,10.98926185
"GR","Goniastrea retiformis",2010,63.00212679
"GR","Goniastrea retiformis",2010,12.59771755
"GR","Goniastrea retiformis",2010,35.78858979
"GR","Goniastrea retiformis",2010,80.04552393
"AH","Acropora hyacinthus",2010,138.662542
"GP","Goniastrea pectinata",2010,32.19693907
"GP","Goniastrea pectinata",2010,11.70452916
"AH","Acropora hyacinthus",2010,811.2556929
"AS","Acropora humilis",2010,109.1504843
"AD","Acropora cf. digitifera",2010,165.8623664
"AH","Acropora hyacinthus",2010,1694.741524
"AD","Acropora cf. digitifera",2010,31.30536788
"AH","Acropora hyacinthus",2010,572.3119462
"AL","Acropora spathulata",2010,416.5816576
"AH","Acropora hyacinthus",2010,211.6876827
"AH","Acropora hyacinthus",2010,232.9432159
"AH","Acropora hyacinthus",2010,270.6623946
"AH","Acropora hyacinthus",2010,1493.304055
"GR","Goniastrea retiformis",2010,14.13738459
"GR","Goniastrea retiformis",2010,14.13738459
"AD","Acropora cf. digitifera",2010,79.34884626
"AH","Acropora hyacinthus",2010,2257.25997
"AH","Acropora hyacinthus",2010,59.86412363
"AH","Acropora hyacinthus",2010,3916.39782
"AH","Acropora hyacinthus",2010,1865.349741
"AD","Acropora cf. digitifera",2010,191.0133282
"AI","Acropora intermedia",2010,113.9566921
"AH","Acropora hyacinthus",2010,951.4052045
"GR","Goniastrea retiformis",2010,60.18731366
"AD","Acropora cf. digitifera",2010,3.340426267
"AD","Acropora cf. digitifera",2010,20.09291579
"GR","Goniastrea retiformis",2010,28.22563552
"GR","Goniastrea retiformis",2010,21.91105994
"GR","Goniastrea retiformis",2010,12.95222038
"AH","Acropora hyacinthus",2010,96.06651414
"AD","Acropora cf. digitifera",2010,115.3177
"AD","Acropora cf. digitifera",2010,299.2503326
"AD","Acropora cf. digitifera",2010,579.9780811
"GR","Goniastrea retiformis",2010,38.08215976
"AD","Acropora cf. digitifera",2010,34.55098281
"AD","Acropora cf. digitifera",2010,28.21296369
"AD","Acropora cf. digitifera",2010,2.787262684
"AS","Acropora humilis",2010,47.79636389
"AS","Acropora humilis",2010,86.55923567
"AD","Acropora cf. digitifera",2010,210.4823901
"AD","Acropora cf. digitifera",2010,208.4475353
"AD","Acropora cf. digitifera",2010,54.02627363
"AD","Acropora cf. digitifera",2010,32.95706721
"AD","Acropora cf. digitifera",2010,7.160829401
"AD","Acropora cf. digitifera",2010,3.400414283
"AD","Acropora cf. digitifera",2010,78.00776322
"AD","Acropora cf. digitifera",2010,281.688426
"AD","Acropora cf. digitifera",2010,73.43723791
"GR","Goniastrea retiformis",2010,21.40226489
"AH","Acropora hyacinthus",2010,348.817958
"AD","Acropora cf. digitifera",2010,103.2729587
"AI","Acropora intermedia",2010,37.24062955
"AI","Acropora intermedia",2010,37.24062955
"AI","Acropora intermedia",2010,37.24062955
"AI","Acropora intermedia",2010,37.24062955
"AI","Acropora intermedia",2010,50.65663749
"AI","Acropora intermedia",2010,50.65663749
"AI","Acropora intermedia",2010,50.65663749
"AI","Acropora intermedia",2010,50.65663749
"AI","Acropora intermedia",2010,12.87609394
"AI","Acropora intermedia",2010,12.87609394
"AI","Acropora intermedia",2010,12.87609394
"AI","Acropora intermedia",2010,12.87609394
"AD","Acropora cf. digitifera",2010,218.0048393
"AH","Acropora hyacinthus",2010,189.0622436
"AD","Acropora cf. digitifera",2010,33.94843134
"AD","Acropora cf. digitifera",2010,39.45961345
"AD","Acropora cf. digitifera",2010,45.07182525
"GR","Goniastrea retiformis",2010,5.328321744
"GR","Goniastrea retiformis",2010,24.53824469
"AD","Acropora cf. digitifera",2010,304.7210631
"GR","Goniastrea retiformis",2010,218.9627441
"AI","Acropora intermedia",2010,445.2820279
"GR","Goniastrea retiformis",2010,75.08913791
"GR","Goniastrea retiformis",2010,25.77358971
"AS","Acropora humilis",2010,140.8299145
"AD","Acropora cf. digitifera",2010,144.128761
"AS","Acropora humilis",2010,28.55138918
"AD","Acropora cf. digitifera",2010,160.2547113
"AD","Acropora cf. digitifera",2010,35.53850975
"AD","Acropora cf. digitifera",2010,35.53850975
"AD","Acropora cf. digitifera",2010,35.53850975
"AD","Acropora cf. digitifera",2010,12.32968706
"AD","Acropora cf. digitifera",2010,12.32968706
"AD","Acropora cf. digitifera",2010,12.32968706
"AD","Acropora cf. digitifera",2010,22.74909451
"GR","Goniastrea retiformis",2010,14.12778733
"AD","Acropora cf. digitifera",2010,271.7131854
"AH","Acropora hyacinthus",2010,1542.821041
NA,"Acropora nasuta",2010,256.4273726
"AH","Acropora hyacinthus",2010,1054.578049
"AD","Acropora cf. digitifera",2010,552.9937112
"AH","Acropora hyacinthus",2010,55.13020043
"AD","Acropora cf. digitifera",2010,32.43110823
"AD","Acropora cf. digitifera",2010,264.2171598
"AD","Acropora cf. digitifera",2010,19.22020918
NA,"Acropora nasuta",2010,105.6847524
"AH","Acropora hyacinthus",2010,605.3375781
"GR","Goniastrea retiformis",2010,38.75186321
"AH","Acropora hyacinthus",2010,998.9753884
"AI","Acropora intermedia",2010,5432.015956
"GR","Goniastrea retiformis",2010,53.07527708
"AD","Acropora cf. digitifera",2010,224.9033314
"GR","Goniastrea retiformis",2010,19.56645702
"GR","Goniastrea retiformis",2010,10.2951782
"GR","Goniastrea retiformis",2010,373.9240327
"GR","Goniastrea retiformis",2010,7.640110282
"GR","Goniastrea retiformis",2010,15.0886155
"GR","Goniastrea retiformis",2010,2.271992148
"AN","Acropora nasuta",2010,561.9073296
"AD","Acropora cf. digitifera",2010,56.18685007
"AD","Acropora cf. digitifera",2010,49.79421892
NA,"Acropora nasuta",2010,74.58005536
NA,"Acropora nasuta",2010,7.81328113
NA,"Acropora nasuta",2010,23.35901473
"AN","Acropora nasuta",2010,224.0321505
"GR","Goniastrea retiformis",2010,35.47577286
"GR","Goniastrea retiformis",2010,35.47577286
"GR","Goniastrea retiformis",2010,35.47577286
"GR","Goniastrea retiformis",2010,35.47577286
"GR","Goniastrea retiformis",2010,35.47577286
"AH","Acropora hyacinthus",2010,40.2037566
"AH","Acropora hyacinthus",2010,21.36311569
"AD","Acropora cf. digitifera",2010,250.5798178
"AI","Acropora intermedia",2010,23.71159405
"AD","Acropora cf. digitifera",2010,762.16818
"AR","Acropora robusta",2010,380.0233855
"AH","Acropora hyacinthus",2010,269.1907005
"AD","Acropora cf. digitifera",2010,13.75035985
"AD","Acropora cf. digitifera",2010,13.75035985
"AD","Acropora cf. digitifera",2010,13.75035985
"AD","Acropora cf. digitifera",2010,226.3678391
"AD","Acropora cf. digitifera",2010,226.3678391
"AD","Acropora cf. digitifera",2010,226.3678391
"AH","Acropora hyacinthus",2010,14.6883497
"AH","Acropora hyacinthus",2010,12.08113791
"GP","Goniastrea pectinata",2010,4.617674742
"AH","Acropora hyacinthus",2010,2195.771895
"AD","Acropora cf. digitifera",2010,287.0740859
"AD","Acropora cf. digitifera",2010,287.0740859
"AD","Acropora cf. digitifera",2010,504.2849865
"GR","Goniastrea retiformis",2010,10.70116622
"GR","Goniastrea retiformis",2010,10.70116622
"GR","Goniastrea retiformis",2010,10.70116622
"GR","Goniastrea retiformis",2010,10.70116622
"GR","Goniastrea retiformis",2010,27.26213297
"GR","Goniastrea retiformis",2010,27.26213297
"GR","Goniastrea retiformis",2010,27.26213297
"GR","Goniastrea retiformis",2010,27.26213297
"GR","Goniastrea retiformis",2010,2.047003386
"GR","Goniastrea retiformis",2010,2.047003386
"GR","Goniastrea retiformis",2010,2.047003386
"GR","Goniastrea retiformis",2010,2.047003386
"AD","Acropora cf. digitifera",2010,65.45895026
"GP","Goniastrea pectinata",2010,14.7689979
"AH","Acropora hyacinthus",2010,1477.468865
"AD","Acropora cf. digitifera",2010,254.0976331
"GR","Goniastrea retiformis",2010,33.25562032
"GR","Goniastrea retiformis",2010,33.25562032
"GR","Goniastrea retiformis",2010,14.62114904
"GR","Goniastrea retiformis",2010,14.62114904
"GR","Goniastrea retiformis",2010,667.4171524
"AD","Acropora cf. digitifera",2010,212.78783
"AD","Acropora cf. digitifera",2010,42.77978823
"AH","Acropora hyacinthus",2010,6453.896577
"AI","Acropora intermedia",2010,1533.417402
"AN","Acropora nasuta",2010,39.43267453
"AC","Acropora cytherea",2010,682.3232153
"AL","Acropora spathulata",2010,216.306289
"AN","Acropora nasuta",2010,283.3015459
"GP","Goniastrea pectinata",2010,76.30077873
"AL","Acropora spathulata",2010,51.31313474
"AI","Acropora intermedia",2010,172.8879347
"AI","Acropora intermedia",2010,4.60891464
"AI","Acropora intermedia",2010,31.5621369
"AL","Acropora spathulata",2010,380.4024704
"AM","Acropora millepora",2010,110.4908381
"AI","Acropora intermedia",2010,353.2975996
"GP","Goniastrea pectinata",2010,89.4650207
"GP","Goniastrea pectinata",2010,200.898786
"GP","Goniastrea pectinata",2010,27.37198416
"AI","Acropora intermedia",2010,360.5418966
"AI","Acropora intermedia",2010,82.43129478
NA,"Acropora nasuta",2010,12.40765792
"AI","Acropora intermedia",2010,243.389635
"AM","Acropora millepora",2010,261.6906279
"AM","Acropora millepora",2010,96.25078822
"AN","Acropora nasuta",2010,717.0534908
NA,"Acropora nasuta",2010,53.58410636
"AI","Acropora intermedia",2010,137.704918
"GP","Goniastrea pectinata",2010,14.83702859
"GR","Goniastrea retiformis",2010,85.2229496
"AH","Acropora hyacinthus",2010,1213.724823
"GP","Goniastrea pectinata",2010,16.91788294
NA,"Acropora nasuta",2010,57.63059522
"GR","Goniastrea retiformis",2010,53.67775035
NA,"Acropora nasuta",2010,32.45051368
"AH","Acropora hyacinthus",2010,1230.694351
"AD","Acropora cf. digitifera",2010,154.2023654
"AD","Acropora cf. digitifera",2010,348.6189763
"AH","Acropora hyacinthus",2010,16.22829977
"AH","Acropora hyacinthus",2010,25.83362206
"AD","Acropora cf. digitifera",2010,20.85759048
"AD","Acropora cf. digitifera",2010,20.85759048
"AD","Acropora cf. digitifera",2010,32.59550966
"AD","Acropora cf. digitifera",2010,32.59550966
"GP","Goniastrea pectinata",2010,54.87544311
"GR","Goniastrea retiformis",2010,16.74042583
"GR","Goniastrea retiformis",2010,1.852086562
"GR","Goniastrea retiformis",2010,1.852086562
"GR","Goniastrea retiformis",2010,2.581064561
"GR","Goniastrea retiformis",2010,2.581064561
"GR","Goniastrea retiformis",2010,4.274108811
"AH","Acropora hyacinthus",2010,115.373426
"AM","Acropora millepora",2010,25.931317
"GR","Goniastrea retiformis",2010,693.247812
"GP","Goniastrea pectinata",2010,74.93661404
"GP","Goniastrea pectinata",2010,262.823475
"AN","Acropora nasuta",2010,201.604029
"AD","Acropora cf. digitifera",2010,13.30865426
"AL","Acropora spathulata",2010,25.37480499
"GP","Goniastrea pectinata",2010,39.13689991
"GR","Goniastrea retiformis",2010,19.06180121
"GR","Goniastrea retiformis",2010,22.4377073
"AH","Acropora hyacinthus",2010,5.649924866
"AS","Acropora humilis",2010,123.0028543
"GR","Goniastrea retiformis",2010,56.07429489
"GP","Goniastrea pectinata",2010,118.6556914
"AD","Acropora cf. digitifera",2010,432.7124796
"AD","Acropora cf. digitifera",2010,68.45918934
"AD","Acropora cf. digitifera",2010,203.7565582
"AH","Acropora hyacinthus",2010,121.5610957
"GP","Goniastrea pectinata",2010,181.7627665
"AN","Acropora nasuta",2010,193.7212481
"GR","Goniastrea retiformis",2010,37.32663542
"AD","Acropora cf. digitifera",2010,20.12332859
"AI","Acropora intermedia",2010,9.168904036
"AC","Acropora cytherea",2010,99.22903079
"AH","Acropora hyacinthus",2010,305.5053755
"AH","Acropora hyacinthus",2010,1415.440123
"AN","Acropora nasuta",2010,15.35460781
"AI","Acropora intermedia",2010,29.36053244
"AH","Acropora hyacinthus",2010,260.5218281
"AH","Acropora hyacinthus",2010,641.9989479
"AS","Acropora humilis",2010,337.0449367
"AD","Acropora cf. digitifera",2010,322.028684
"AL","Acropora spathulata",2010,63.42189296
"AI","Acropora intermedia",2010,183.8779908
"GR","Goniastrea retiformis",2010,35.45694357
"AI","Acropora intermedia",2010,84.08770065
NA,"Acropora nasuta",2010,296.2958086
"AH","Acropora hyacinthus",2010,233.2075494
"AH","Acropora hyacinthus",2011,2812.48542071646
"AC","Acropora cytherea",2011,271.753839362271
"AH","Acropora hyacinthus",2011,187.259676054456
"AC","Acropora cytherea",2011,15343.8553628146
"AH","Acropora hyacinthus",2011,4457.53557567918
"AC","Acropora cytherea",2011,5670.76969605321
"AH","Acropora hyacinthus",2011,154.611286007211
"AC","Acropora cytherea",2011,6051.62735849058
"AH","Acropora hyacinthus",2011,1951.40443720741
"AC","Acropora cytherea",2011,4807.05857784275
"AH","Acropora hyacinthus",2011,1259.44685466378
"AC","Acropora cytherea",2011,1859.21904053552
"AH","Acropora hyacinthus",2011,2853.41059266036
"AC","Acropora cytherea",2011,40.4265880710463
"AH","Acropora hyacinthus",2011,1738.84446305212
"AC","Acropora cytherea",2011,9504.7376788553
"AH","Acropora hyacinthus",2011,1463.66730668529
"AC","Acropora cytherea",2011,3134.43362831859
"AH","Acropora hyacinthus",2011,5432.44242930436
"AC","Acropora cytherea",2011,5745.4819560916
"AH","Acropora hyacinthus",2011,134.278444755927
"AC","Acropora cytherea",2011,1029.12754828326
"AH","Acropora hyacinthus",2011,892.842553947251
"AC","Acropora cytherea",2011,1218.46097907646
"AH","Acropora hyacinthus",2011,369.249066387573
"AC","Acropora cytherea",2011,2855.77864223868
"AH","Acropora hyacinthus",2011,1909.28499944401
"AC","Acropora cytherea",2011,11558.1379310345
"AH","Acropora hyacinthus",2011,2493.00472653612
"AC","Acropora cytherea",2011,1013.131138694
"AH","Acropora hyacinthus",2011,2232.15727039256
"AC","Acropora cytherea",2011,11043.4052044609
"AC","Acropora cytherea",2011,8987.54413218473
"AH","Acropora hyacinthus",2011,1525.27992430216
"AC","Acropora cytherea",2011,10024.4395116537
"AH","Acropora hyacinthus",2011,346.520864756158
"AC","Acropora cytherea",2011,3498.23341477166
"AH","Acropora hyacinthus",2011,725.290307521736
"AC","Acropora cytherea",2011,531.992854017792
"AH","Acropora hyacinthus",2011,161.922277306893
"AC","Acropora cytherea",2011,8940.26685974352
"AH","Acropora hyacinthus",2011,300.63350458206
"AC","Acropora cytherea",2011,904.170318640617
"AH","Acropora hyacinthus",2011,91.2102868116729
"AC","Acropora cytherea",2011,183.282267740829
"AH","Acropora hyacinthus",2011,388.005336160333
"AC","Acropora cytherea",2011,905.631733594516
"AH","Acropora hyacinthus",2011,518.287928740816
"AC","Acropora cytherea",2011,2476.43632147097
"AH","Acropora hyacinthus",2011,1947.79154488948
"AC","Acropora cytherea",2011,394.476284953727
"AH","Acropora hyacinthus",2011,3145.96808360401
"AC","Acropora cytherea",2011,2075.16066422255
"AH","Acropora hyacinthus",2011,1292.10703953712
"AC","Acropora cytherea",2011,399.836884306986
"AH","Acropora hyacinthus",2011,1810.33484759672
"AC","Acropora cytherea",2011,2194.28821342663
"AH","Acropora hyacinthus",2011,31.4728151015794
"AC","Acropora cytherea",2011,990.243828101191
"AH","Acropora hyacinthus",2011,4863.90539721042
"AC","Acropora cytherea",2011,524.403543842635
"AH","Acropora hyacinthus",2011,331.770970918087
"AC","Acropora cytherea",2011,137.47710001357
"AH","Acropora hyacinthus",2011,76.2924168369686
"AC","Acropora cytherea",2011,764.20944944851
"AH","Acropora hyacinthus",2011,169.576922851327
"AC","Acropora cytherea",2011,1037.8266009049
"AH","Acropora hyacinthus",2011,844.420955882355
"AC","Acropora cytherea",2011,2965.72602739725
"AH","Acropora hyacinthus",2011,2619.22009253139
"AC","Acropora cytherea",2011,603.240026449196
"AH","Acropora hyacinthus",2011,189.472968069666
"AC","Acropora cytherea",2011,1879.70972423804
"AH","Acropora hyacinthus",2011,43.4101175792138
"AC","Acropora cytherea",2011,324.273087854087
"AH","Acropora hyacinthus",2011,199.459477492438
"AC","Acropora cytherea",2011,2970.82648932335
"AH","Acropora hyacinthus",2011,1533.82560988234
"AC","Acropora cytherea",2011,6438.33753148613
"AH","Acropora hyacinthus",2011,1717.64113326337
"AC","Acropora cytherea",2011,1178.61039609666
"AH","Acropora hyacinthus",2011,13.4660073846472
"AC","Acropora cytherea",2011,744.700921478967
"AH","Acropora hyacinthus",2011,1343.52753900032
"AC","Acropora cytherea",2011,5392.14670121584
"AH","Acropora hyacinthus",2011,1907.73450532528
"AC","Acropora cytherea",2011,12059.4678439327
"AH","Acropora hyacinthus",2011,503.937300423753
"AC","Acropora cytherea",2011,10831.3912809472
"AH","Acropora hyacinthus",2011,640.809506126996
"AC","Acropora cytherea",2011,1152.54595788361
"AH","Acropora hyacinthus",2011,923.170086588521
"AC","Acropora cytherea",2011,3347.32207478889
"AH","Acropora hyacinthus",2011,1218.7044633564
"AC","Acropora cytherea",2011,1907.36954776559
"AH","Acropora hyacinthus",2011,5814.15929203538
"AC","Acropora cytherea",2011,4308.6762656758
"AH","Acropora hyacinthus",2011,874.082826017303
"AC","Acropora cytherea",2011,66.740417544784
"AH","Acropora hyacinthus",2011,219.936904963101
"AC","Acropora cytherea",2011,3099.07439149811
"AH","Acropora hyacinthus",2011,481.266869761494
"AH","Acropora hyacinthus",2011,1200.32941595442
"AH","Acropora hyacinthus",2011,2272.2908823048
"AC","Acropora cytherea",2011,1854.19595782075
"AH","Acropora hyacinthus",2011,492.67874632713
"AC","Acropora cytherea",2011,6377.07689510997
"AH","Acropora hyacinthus",2011,59.8191351736465
"AC","Acropora cytherea",2011,9896.65792017686
"AH","Acropora hyacinthus",2011,1038.3805072928
"AC","Acropora cytherea",2011,2383.10155687296
"AH","Acropora hyacinthus",2011,1016.58373613876
"AC","Acropora cytherea",2011,3621.37614678899
"AH","Acropora hyacinthus",2011,1114.54420746644
"AC","Acropora cytherea",2011,2468.89548613453
"AH","Acropora hyacinthus",2011,3649.27913198572
"AH","Acropora hyacinthus",2011,767.176699761217
"AC","Acropora cytherea",2011,2556.24814264487
"AH","Acropora hyacinthus",2011,617.011703027927
"AC","Acropora cytherea",2011,897.758892036511
"AH","Acropora hyacinthus",2011,825.566968882641
"AC","Acropora cytherea",2011,828.116445215996
"AH","Acropora hyacinthus",2011,385.636246016723
"AC","Acropora cytherea",2011,3187.32885395537
"AH","Acropora hyacinthus",2011,3312.4338245815
"AC","Acropora cytherea",2011,7369.80159350099
"AH","Acropora hyacinthus",2011,585.609027205276
"AC","Acropora cytherea",2011,1415.54619716881
"AH","Acropora hyacinthus",2011,279.182508407196
"AC","Acropora cytherea",2011,808.355340608991
"AH","Acropora hyacinthus",2011,2272.49645792009
"AC","Acropora cytherea",2011,5376.00338696021
"AH","Acropora hyacinthus",2011,1999.55817761259
"AC","Acropora cytherea",2011,9139.18300653592
"AH","Acropora hyacinthus",2011,275.257380240422
"AC","Acropora cytherea",2011,6686.60773480662
"AH","Acropora hyacinthus",2011,778.921949407275
"AC","Acropora cytherea",2011,15873.9501953125
"AH","Acropora hyacinthus",2011,4295.94274432378
"AC","Acropora cytherea",2011,378.586485337868
"AH","Acropora hyacinthus",2011,69.3979340450362
"AC","Acropora cytherea",2011,6169.02545699224
"AH","Acropora hyacinthus",2011,1677.44992259699
"AS","Acropora humilis",2011,115.693019307054
"AD","Acropora cf. digitifera",2011,145.84838276217
"AS","Acropora humilis",2011,255.366176167312
"AD","Acropora cf. digitifera",2011,271.882030054892
"AS","Acropora humilis",2011,33.5781728317194
"AD","Acropora cf. digitifera",2011,189.260028363047
"AS","Acropora humilis",2011,348.555875102711
"AD","Acropora cf. digitifera",2011,264.728266997407
"AS","Acropora humilis",2011,219.936912634876
"AD","Acropora cf. digitifera",2011,901.519776579853
"AS","Acropora humilis",2011,97.9808987703477
"AD","Acropora cf. digitifera",2011,85.557947272173
"AS","Acropora humilis",2011,206.635831112233
"AD","Acropora cf. digitifera",2011,676.590151795632
"AS","Acropora humilis",2011,401.705429854046
"AD","Acropora cf. digitifera",2011,22.0916872885208
"AS","Acropora humilis",2011,13.0061032751039
"AD","Acropora cf. digitifera",2011,141.504508103173
"AS","Acropora humilis",2011,354.55635723543
"AD","Acropora cf. digitifera",2011,114.578219533276
"AS","Acropora humilis",2011,122.757760625569
"AD","Acropora cf. digitifera",2011,77.4147279591955
"AS","Acropora humilis",2011,231.321580670885
"AD","Acropora cf. digitifera",2011,515.42726231386
"AD","Acropora cf. digitifera",2011,43.5907478823773
"AS","Acropora humilis",2011,228.014667462864
"AD","Acropora cf. digitifera",2011,281.49834588669
"AS","Acropora humilis",2011,114.735539746366
"AD","Acropora cf. digitifera",2011,285.819227442744
"AS","Acropora humilis",2011,112.62362901674
"AD","Acropora cf. digitifera",2011,306.584244729751
"AS","Acropora humilis",2011,32.3266263197883
"AD","Acropora cf. digitifera",2011,167.915345328304
"AS","Acropora humilis",2011,237.663069316346
"AD","Acropora cf. digitifera",2011,385.486717902053
"AS","Acropora humilis",2011,100.387444496658
"AD","Acropora cf. digitifera",2011,352.659941964903
"AS","Acropora humilis",2011,463.333913952273
"AD","Acropora cf. digitifera",2011,370.46909405108
"AS","Acropora humilis",2011,48.2933680104031
"AD","Acropora cf. digitifera",2011,75.8088658606793
"AS","Acropora humilis",2011,174.998679902841
"AD","Acropora cf. digitifera",2011,26.1804916732752
"AS","Acropora humilis",2011,224.982847570593
"AD","Acropora cf. digitifera",2011,18.7507386833708
"AS","Acropora humilis",2011,146.598981397629
"AD","Acropora cf. digitifera",2011,345.439945823053
"AS","Acropora humilis",2011,160.763908742638
"AD","Acropora cf. digitifera",2011,229.574375489599
"AS","Acropora humilis",2011,472.377043099824
"AD","Acropora cf. digitifera",2011,16.3292975384324
"AS","Acropora humilis",2011,128.011442281074
"AD","Acropora cf. digitifera",2011,184.968700265252
"AS","Acropora humilis",2011,133.883432271991
"AD","Acropora cf. digitifera",2011,858.489802646365
"AS","Acropora humilis",2011,401.173364951174
"AD","Acropora cf. digitifera",2011,568.297318007663
"AS","Acropora humilis",2011,705.635047245062
"AD","Acropora cf. digitifera",2011,163.008263189321
"AS","Acropora humilis",2011,246.334769183853
"AD","Acropora cf. digitifera",2011,25.177989837297
"AS","Acropora humilis",2011,178.966694484485
"AD","Acropora cf. digitifera",2011,63.9238793019164
"AS","Acropora humilis",2011,306.209150326797
"AD","Acropora cf. digitifera",2011,157.03699685364
"AS","Acropora humilis",2011,357.770275003151
"AD","Acropora cf. digitifera",2011,181.083225870449
"AS","Acropora humilis",2011,162.032363241154
"AD","Acropora cf. digitifera",2011,721.535630504716
"AS","Acropora humilis",2011,512.103135550877
"AD","Acropora cf. digitifera",2011,906.745927728888
"AS","Acropora humilis",2011,676.724227840932
"AD","Acropora cf. digitifera",2011,66.2543318109839
"AS","Acropora humilis",2011,128.038037454057
"AD","Acropora cf. digitifera",2011,61.7490272373541
"AS","Acropora humilis",2011,235.270758122744
"AD","Acropora cf. digitifera",2011,165.989809568184
"AS","Acropora humilis",2011,277.660288949629
"AD","Acropora cf. digitifera",2011,352.777465151052
"AS","Acropora humilis",2011,171.452467960265
"AD","Acropora cf. digitifera",2011,261.279196316451
"AS","Acropora humilis",2011,62.6319857312723
"AD","Acropora cf. digitifera",2011,244.735238647903
"AS","Acropora humilis",2011,279.750242928802
"AD","Acropora cf. digitifera",2011,252.143294114299
"AS","Acropora humilis",2011,65.6370783978156
"AD","Acropora cf. digitifera",2011,264.764525731908
"AS","Acropora humilis",2011,251.663892306578
"AD","Acropora cf. digitifera",2011,30.7120226127076
"AS","Acropora humilis",2011,17.533185840708
"AD","Acropora cf. digitifera",2011,377.17453126715
"AS","Acropora humilis",2011,116.238034987347
"AD","Acropora cf. digitifera",2011,62.9201938663566
"AS","Acropora humilis",2011,92.7471586807204
"AD","Acropora cf. digitifera",2011,1085.8364363536
"AS","Acropora humilis",2011,369.726098574823
"AD","Acropora cf. digitifera",2011,384.043260421903
"AS","Acropora humilis",2011,117.108944467995
"AD","Acropora cf. digitifera",2011,118.915710328453
"AS","Acropora humilis",2011,217.250552272122
"AD","Acropora cf. digitifera",2011,767.078635232098
"AD","Acropora cf. digitifera",2011,57.3339167976484
"AS","Acropora humilis",2011,132.303294404741
"AD","Acropora cf. digitifera",2011,787.814049586775
"AS","Acropora humilis",2011,782.746804460156
"AD","Acropora cf. digitifera",2011,520.629484262894
"AS","Acropora humilis",2011,114.939346700353
"AD","Acropora cf. digitifera",2011,203.398827579155
"AS","Acropora humilis",2011,385.340891879612
"AD","Acropora cf. digitifera",2011,502.543118514143
"AS","Acropora humilis",2011,390.822303613694
"AD","Acropora cf. digitifera",2011,172.362564178459
"AS","Acropora humilis",2011,40.8902317378168
"AD","Acropora cf. digitifera",2011,37.907430557673
"AL","Acropora spathulata",2011,231.501435091516
"AL","Acropora spathulata",2011,780.102640386764
"AL","Acropora spathulata",2011,211.936516918961
"AL","Acropora spathulata",2011,316.790906687813
"AL","Acropora spathulata",2011,188.211793020457
"AL","Acropora spathulata",2011,29.1716711439547
"AL","Acropora spathulata",2011,1389.90440046118
"AL","Acropora spathulata",2011,78.8740773383277
"AL","Acropora spathulata",2011,110.792042733468
"AL","Acropora spathulata",2011,730.892746435214
"AL","Acropora spathulata",2011,368.090752288709
"AL","Acropora spathulata",2011,190.511006289308
"AL","Acropora spathulata",2011,633.763924480938
"AL","Acropora spathulata",2011,35.0428015564203
"AL","Acropora spathulata",2011,30.4301671089854
"AL","Acropora spathulata",2011,560.735980561415
"AL","Acropora spathulata",2011,290.591158644079
"AL","Acropora spathulata",2011,548.067176307709
"AL","Acropora spathulata",2011,258.037587486657
"AL","Acropora spathulata",2011,396.293613027514
"AL","Acropora spathulata",2011,204.960821326235
"AL","Acropora spathulata",2011,782.045008209649
"AL","Acropora spathulata",2011,781.801798153251
"AL","Acropora spathulata",2011,1107.79414609878
"AL","Acropora spathulata",2011,335.826247741249
"AL","Acropora spathulata",2011,75.5086494769569
"AL","Acropora spathulata",2011,85.1204891893965
"AL","Acropora spathulata",2011,296.910471731497
"AL","Acropora spathulata",2011,48.340082114085
"AL","Acropora spathulata",2011,808.693661468023
"AL","Acropora spathulata",2011,646.45733061829
"AL","Acropora spathulata",2011,146.195940502623
"AL","Acropora spathulata",2011,189.274358181256
"AL","Acropora spathulata",2011,38.5051902229495
"AL","Acropora spathulata",2011,374.28055332551
"AL","Acropora spathulata",2011,469.723059762623
"AL","Acropora spathulata",2011,616.184225676453
"AL","Acropora spathulata",2011,170.463650546022
"AL","Acropora spathulata",2011,256.300273292888
"AL","Acropora spathulata",2011,33.055593811688
"AL","Acropora spathulata",2011,98.928022692353
"AL","Acropora spathulata",2011,26.7326732673267
"AL","Acropora spathulata",2011,51.6836414874979
"AL","Acropora spathulata",2011,108.994904667981
"AL","Acropora spathulata",2011,472.041765739687
"AL","Acropora spathulata",2011,167.303095668396
"AL","Acropora spathulata",2011,476.405508441608
"AL","Acropora spathulata",2011,58.5673827141146
"AL","Acropora spathulata",2011,210.363156157147
"AL","Acropora spathulata",2011,785.351104529184
"AL","Acropora spathulata",2011,407.790296469511
"AL","Acropora spathulata",2011,392.615488194881
"AL","Acropora spathulata",2011,177.755931101722
"AL","Acropora spathulata",2011,68.6917699445725
"AL","Acropora spathulata",2011,296.546807467808
"AL","Acropora spathulata",2011,506.840093807
"AL","Acropora spathulata",2011,65.0207182320443
"AL","Acropora spathulata",2011,905.976320240556
"AL","Acropora spathulata",2011,118.274082568807
"AL","Acropora spathulata",2011,80.5834733989641
"AL","Acropora spathulata",2011,92.6462456057195
"AL","Acropora spathulata",2011,265.428527147802
"AL","Acropora spathulata",2011,144.227284721611
"AL","Acropora spathulata",2011,181.601974422257
"AL","Acropora spathulata",2011,406.852619288949
"AL","Acropora spathulata",2011,282.829888712241
"AL","Acropora spathulata",2011,143.061761293805
"AL","Acropora spathulata",2011,441.978940848559
"AL","Acropora spathulata",2011,961.908165903669
"AL","Acropora spathulata",2011,348.091273187184
"AN","Acropora nasuta",2011,439.142204119157
"AN","Acropora nasuta",2011,531.403980418907
"AN","Acropora nasuta",2011,48.9939856929856
"AN","Acropora nasuta",2011,188.247482607962
"AN","Acropora nasuta",2011,432.72250737141
"AN","Acropora nasuta",2011,215.351895273893
"AN","Acropora nasuta",2011,1276.52666686343
"AN","Acropora nasuta",2011,322.247427326673
"AN","Acropora nasuta",2011,35.8977683634989
"AN","Acropora nasuta",2011,7.69452516744627
"AN","Acropora nasuta",2011,359.175121108196
"AN","Acropora nasuta",2011,1563.03526448362
"AN","Acropora nasuta",2011,1284.9658915313
"AN","Acropora nasuta",2011,1001.81005390718
"AN","Acropora nasuta",2011,415.520964848161
"AN","Acropora nasuta",2011,531.992818671452
"AN","Acropora nasuta",2011,83.6061268227087
"AN","Acropora nasuta",2011,14.7456279809221
"AN","Acropora nasuta",2011,611.561407117877
"AN","Acropora nasuta",2011,21.2652778071978
"AN","Acropora nasuta",2011,367.770486799938
"AN","Acropora nasuta",2011,238.328214393255
"AN","Acropora nasuta",2011,452.92758396303
"AN","Acropora nasuta",2011,179.306460265154
"AN","Acropora nasuta",2011,278.086995365459
"AN","Acropora nasuta",2011,345.778527649612
"AN","Acropora nasuta",2011,117.321145677074
"AN","Acropora nasuta",2011,49.9308355652353
"AN","Acropora nasuta",2011,67.0910965894216
"AN","Acropora nasuta",2011,161.413626978665
"AN","Acropora nasuta",2011,163.40993037623
"AN","Acropora nasuta",2011,435.090144230768
"AN","Acropora nasuta",2011,146.189625645281
"AN","Acropora nasuta",2011,37.3483200223703
"AN","Acropora nasuta",2011,362.528719473007
"AN","Acropora nasuta",2011,297.912145270734
"AN","Acropora nasuta",2011,39.0048623551347
"AN","Acropora nasuta",2011,349.56380045124
"AN","Acropora nasuta",2011,929.513583804875
"AN","Acropora nasuta",2011,930.676458698291
"AN","Acropora nasuta",2011,209.37170408317
"AN","Acropora nasuta",2011,483.846631480906
"AN","Acropora nasuta",2011,149.637155297533
"AN","Acropora nasuta",2011,423.124365783265
"AN","Acropora nasuta",2011,41.8454397639121
"AN","Acropora nasuta",2011,530.56730246188
"AN","Acropora nasuta",2011,110.944091152377
"AN","Acropora nasuta",2011,184.294249886741
"AN","Acropora nasuta",2011,1391.03553246208
"AN","Acropora nasuta",2011,474.552371578909
"AN","Acropora nasuta",2011,650.750032422152
"AN","Acropora nasuta",2011,227.46149792118
"AN","Acropora nasuta",2011,282.102865032792
"AN","Acropora nasuta",2011,1388.56903117537
"AN","Acropora nasuta",2011,58.951313560849
"AN","Acropora nasuta",2011,665.662114014252
"AN","Acropora nasuta",2011,112.529592750552
"AN","Acropora nasuta",2011,624.887766956871
"AN","Acropora nasuta",2011,378.011492574948
"AN","Acropora nasuta",2011,579.187992977775
"AN","Acropora nasuta",2011,195.203613588209
"AN","Acropora nasuta",2011,267.374610165323
"AN","Acropora nasuta",2011,224.813867789728
"AN","Acropora nasuta",2011,1411.23978473192
"AN","Acropora nasuta",2011,329.06923076923
"AN","Acropora nasuta",2011,214.693007718005
"AN","Acropora nasuta",2011,279.558527594251
"AN","Acropora nasuta",2011,320.895348686848
"GP","Goniastrea pectinata",2011,157.776284850521
"GP","Goniastrea pectinata",2011,69.2862027784299
"GP","Goniastrea pectinata",2011,204.23495492089
"GP","Goniastrea pectinata",2011,243.198990743989
"GP","Goniastrea pectinata",2011,358.444525968241
"GP","Goniastrea pectinata",2011,70.5942005006379
"GP","Goniastrea pectinata",2011,113.608525658867
"GP","Goniastrea pectinata",2011,250.63634242223
"GP","Goniastrea pectinata",2011,97.0677129287203
"GP","Goniastrea pectinata",2011,29.8003792859644
"GP","Goniastrea pectinata",2011,40.4270534433286
"GP","Goniastrea pectinata",2011,331.037460567822
"GP","Goniastrea pectinata",2011,27.3195397505403
"GP","Goniastrea pectinata",2011,402.952814126184
"GP","Goniastrea pectinata",2011,100.010299395505
"GP","Goniastrea pectinata",2011,286.114005304268
"GP","Goniastrea pectinata",2011,212.032495821574
"GP","Goniastrea pectinata",2011,570.266386537966
"GP","Goniastrea pectinata",2011,53.251154734411
"GP","Goniastrea pectinata",2011,38.7209657407433
"GP","Goniastrea pectinata",2011,16.716119885785
"GP","Goniastrea pectinata",2011,43.0439536975328
"GP","Goniastrea pectinata",2011,705.02843460042
"GP","Goniastrea pectinata",2011,69.2372607793406
"GP","Goniastrea pectinata",2011,61.5334016571365
"GP","Goniastrea pectinata",2011,39.7606788949502
"GP","Goniastrea pectinata",2011,101.149534071054
"GP","Goniastrea pectinata",2011,285.66604303087
"GP","Goniastrea pectinata",2011,62.3052286608074
"GP","Goniastrea pectinata",2011,179.276821244238
"GP","Goniastrea pectinata",2011,160.845748276328
"GP","Goniastrea pectinata",2011,27.5139228470524
"GP","Goniastrea pectinata",2011,106.80051904492
"GP","Goniastrea pectinata",2011,506.388677942701
"GP","Goniastrea pectinata",2011,270.032135116956
"GP","Goniastrea pectinata",2011,95.1344296528323
"GP","Goniastrea pectinata",2011,234.39951662095
"GP","Goniastrea pectinata",2011,33.1894443142539
"GP","Goniastrea pectinata",2011,216.460326392797
"GP","Goniastrea pectinata",2011,25.2320896603086
"GP","Goniastrea pectinata",2011,11.8881670915221
"GP","Goniastrea pectinata",2011,134.193335260354
"GP","Goniastrea pectinata",2011,16.4763324583428
"GP","Goniastrea pectinata",2011,194.330034019795
"GP","Goniastrea pectinata",2011,150.171786749795
"GP","Goniastrea pectinata",2011,29.3877201349867
"GP","Goniastrea pectinata",2011,9.47004910767361
"GP","Goniastrea pectinata",2011,164.82850747669
"GP","Goniastrea pectinata",2011,448.821263423973
"GP","Goniastrea pectinata",2011,59.8952387833248
"GP","Goniastrea pectinata",2011,30.2913498250623
"GP","Goniastrea pectinata",2011,100.608277695735
"GP","Goniastrea pectinata",2011,171.839404123898
"GP","Goniastrea pectinata",2011,118.766720613007
"GP","Goniastrea pectinata",2011,35.9946682747421
"GP","Goniastrea pectinata",2011,7.10507853289245
"GP","Goniastrea pectinata",2011,56.0986723555851
"GP","Goniastrea pectinata",2011,116.227429563303
"GP","Goniastrea pectinata",2011,23.2776197135555
"GP","Goniastrea pectinata",2011,98.1317491160449
"GP","Goniastrea pectinata",2011,51.5564588841175
"GP","Goniastrea pectinata",2011,211.355226020339
"GP","Goniastrea pectinata",2011,53.8464634674019
"GP","Goniastrea pectinata",2011,53.2001619105444
"GP","Goniastrea pectinata",2011,104.699562003832
"GP","Goniastrea pectinata",2011,102.235192844696
"GP","Goniastrea pectinata",2011,33.4464242549812
"GP","Goniastrea pectinata",2011,206.320026676829
"GP","Goniastrea pectinata",2011,207.342610902867
"GP","Goniastrea pectinata",2011,84.1036112001562
"GP","Goniastrea pectinata",2011,18.6060815049136
"GP","Goniastrea pectinata",2011,175.544554455446
"GP","Goniastrea pectinata",2011,170.432400073678
"GP","Goniastrea pectinata",2011,118.657175386608
"GP","Goniastrea pectinata",2011,181.928145214383
"GP","Goniastrea pectinata",2011,141.340438317263
"GP","Goniastrea pectinata",2011,373.111306303719
"GR","Goniastrea retiformis",2011,48.2882798341359
"GR","Goniastrea retiformis",2011,272.182086251382
"GR","Goniastrea retiformis",2011,152.357057969101
"GR","Goniastrea retiformis",2011,45.849942771441
"GR","Goniastrea retiformis",2011,463.200258060553
"GR","Goniastrea retiformis",2011,9.82899355730055
"GR","Goniastrea retiformis",2011,23.8099098941168
"GR","Goniastrea retiformis",2011,32.0131948140701
"GR","Goniastrea retiformis",2011,56.3900753037669
"GR","Goniastrea retiformis",2011,216.180720478412
"GR","Goniastrea retiformis",2011,87.1460239158262
"GR","Goniastrea retiformis",2011,291.696904192079
"GR","Goniastrea retiformis",2011,687.900607675018
"GR","Goniastrea retiformis",2011,15.5531237340775
"GR","Goniastrea retiformis",2011,29.1844647433791
"GR","Goniastrea retiformis",2011,17.9955254630126
"GR","Goniastrea retiformis",2011,15.7525848593923
"GR","Goniastrea retiformis",2011,75.1934087856677
"GR","Goniastrea retiformis",2011,66.4977668956449
"GR","Goniastrea retiformis",2011,56.4777579702334
"GR","Goniastrea retiformis",2011,209.180925909841
"GR","Goniastrea retiformis",2011,1011.57758503247
"GR","Goniastrea retiformis",2011,162.653684966079
"GR","Goniastrea retiformis",2011,80.1856877588917
"GR","Goniastrea retiformis",2011,1173.31523405001
"GR","Goniastrea retiformis",2011,90.1293943870015
"GR","Goniastrea retiformis",2011,440.414940710058
"GR","Goniastrea retiformis",2011,483.715336447669
"GR","Goniastrea retiformis",2011,756.92719139004
"GR","Goniastrea retiformis",2011,370.074500507958
"GR","Goniastrea retiformis",2011,142.249395782608
"GR","Goniastrea retiformis",2011,85.4684999912084
"GR","Goniastrea retiformis",2011,1084.28991185113
"GR","Goniastrea retiformis",2011,114.326233711864
"GR","Goniastrea retiformis",2011,73.0407877820319
"GR","Goniastrea retiformis",2011,38.7046329392356
"GR","Goniastrea retiformis",2011,243.449106605099
"GR","Goniastrea retiformis",2011,140.87684854666
"GR","Goniastrea retiformis",2011,53.2350505930299
"GR","Goniastrea retiformis",2011,51.4739041248962
"GR","Goniastrea retiformis",2011,191.274996815692
"GR","Goniastrea retiformis",2011,235.372381491585
"GR","Goniastrea retiformis",2011,116.317685705203
"GR","Goniastrea retiformis",2011,317.631830492273
"GR","Goniastrea retiformis",2011,73.1471626378087
"GR","Goniastrea retiformis",2011,32.4851411589896
"GR","Goniastrea retiformis",2011,91.5208181154127
"GR","Goniastrea retiformis",2011,30.1679856551575
"GR","Goniastrea retiformis",2011,18.607753293341
"GR","Goniastrea retiformis",2011,103.403135317341
"GR","Goniastrea retiformis",2011,26.5147281602424
"GR","Goniastrea retiformis",2011,60.1525907251377
"GR","Goniastrea retiformis",2011,30.5368313854808
"GR","Goniastrea retiformis",2011,76.8434363392081
"GR","Goniastrea retiformis",2011,84.6599789802739
"GR","Goniastrea retiformis",2011,338.722012064206
"GR","Goniastrea retiformis",2011,189.916880761674
"GR","Goniastrea retiformis",2011,69.9608168866579
"GR","Goniastrea retiformis",2011,288.636449125447
"GR","Goniastrea retiformis",2011,42.5332052224043
"GR","Goniastrea retiformis",2011,40.4910811398738
"GR","Goniastrea retiformis",2011,55.6597976770326
"GR","Goniastrea retiformis",2011,11.6079872889371
"GR","Goniastrea retiformis",2011,324.940822035722
"GR","Goniastrea retiformis",2011,44.6261084759744
"GR","Goniastrea retiformis",2011,199.768888888889
"GR","Goniastrea retiformis",2011,56.227856510186
"GR","Goniastrea retiformis",2011,38.3191705307568
"GR","Goniastrea retiformis",2011,39.6505034811712
"GR","Goniastrea retiformis",2011,49.4902770145376
"GR","Goniastrea retiformis",2011,195.941111287003
"GR","Goniastrea retiformis",2011,278.348416289593
"GR","Goniastrea retiformis",2011,101.440257553364
"GR","Goniastrea retiformis",2011,114.654130288784
"GR","Goniastrea retiformis",2011,550.888601514871
"GR","Goniastrea retiformis",2011,1075.33427362482
"AR","Acropora robusta",2011,596.300268096514
"AR","Acropora robusta",2011,1280.44321743023
"AR","Acropora robusta",2011,2089.38348542177
"AR","Acropora robusta",2011,718.1716368747
"AR","Acropora robusta",2011,980.718608169441
"AR","Acropora robusta",2011,3979.12553871818
"AR","Acropora robusta",2011,2833.34575955266
"AR","Acropora robusta",2011,469.630683211535
"AR","Acropora robusta",2011,4564.46555503885
"AR","Acropora robusta",2011,2907.12630822082
"AR","Acropora robusta",2011,1628.92806770099
"AR","Acropora robusta",2011,94.4964151587573
"AR","Acropora robusta",2011,59.3329682189398
"AR","Acropora robusta",2011,14319.0343938855
"AR","Acropora robusta",2011,4065.73610521851
"AR","Acropora robusta",2011,459.081967213115
"AR","Acropora robusta",2011,826.172821378753
"AR","Acropora robusta",2011,1173.52432058162
"AR","Acropora robusta",2011,240.849923430322
"AR","Acropora robusta",2011,658.523734488871
"AR","Acropora robusta",2011,476.203239051095
"AR","Acropora robusta",2011,196.720250664124
"AR","Acropora robusta",2011,109.089456017902
"AR","Acropora robusta",2011,2147.24766562917
"AR","Acropora robusta",2011,1012.86071032187
"AR","Acropora robusta",2011,3575.79688814128
"AR","Acropora robusta",2011,727.76080597985
"AR","Acropora robusta",2011,392.313296903461
"AR","Acropora robusta",2011,753.080675422138
"AR","Acropora robusta",2011,16.3285423709253
"AR","Acropora robusta",2011,483.35654405942
"AR","Acropora robusta",2011,117.779225856901
"AR","Acropora robusta",2011,1538.5398169649
"AR","Acropora robusta",2011,2602.99639531391
"AR","Acropora robusta",2011,1808.33504273504
"AR","Acropora robusta",2011,766.777154513004
"AR","Acropora robusta",2011,594.815931780366
"AR","Acropora robusta",2011,4083.67329877948
"AR","Acropora robusta",2011,418.699320900061
"AR","Acropora robusta",2011,343.327657763116
"AR","Acropora robusta",2011,1549.31791907514
"AR","Acropora robusta",2011,303.586486030693
"AR","Acropora robusta",2011,2720.79863854616
"AR","Acropora robusta",2011,2138.28690164691
"AR","Acropora robusta",2011,1859.37156467571
"AR","Acropora robusta",2011,2091.83519342116
"AR","Acropora robusta",2011,601.911811694535
"AR","Acropora robusta",2011,2324.89120298414
"AR","Acropora robusta",2011,3527.43654553165
"AR","Acropora robusta",2011,1360.52398583387
"AR","Acropora robusta",2011,492.530929586472
"AR","Acropora robusta",2011,528.262632816935
"AI","Acropora intermedia",2011,409.144454799628
"AI","Acropora intermedia",2011,6602.46931407949
"AI","Acropora intermedia",2011,569.073524563139
"AI","Acropora intermedia",2011,100.899354165831
"AI","Acropora intermedia",2011,144.424104195426
"AI","Acropora intermedia",2011,107.154600091634
"AI","Acropora intermedia",2011,14.9276312707855
"AI","Acropora intermedia",2011,122.456202892646
"AI","Acropora intermedia",2011,3355.52218562294
"AI","Acropora intermedia",2011,784.396617986163
"AI","Acropora intermedia",2011,1091.68878825734
"AI","Acropora intermedia",2011,1257.43418682836
"AI","Acropora intermedia",2011,67.3720366379311
"AI","Acropora intermedia",2011,142.39805733388
"AI","Acropora intermedia",2011,10646.0779309171
"AI","Acropora intermedia",2011,13.9255330141563
"AI","Acropora intermedia",2011,2809.5077089532
"AI","Acropora intermedia",2011,5295.49362585235
"AI","Acropora intermedia",2011,861.840665873959
"AI","Acropora intermedia",2011,306.789391575663
"AI","Acropora intermedia",2011,676.506663969044
"AI","Acropora intermedia",2011,597.087715043051
"AI","Acropora intermedia",2011,172.385191347754
"AI","Acropora intermedia",2011,286.282273259663
"AI","Acropora intermedia",2011,205.855302877842
"AI","Acropora intermedia",2011,1916.95667826713
"AI","Acropora intermedia",2011,5444.15818324198
"AI","Acropora intermedia",2011,2266.77230488263
"AI","Acropora intermedia",2011,555.692887254463
"AI","Acropora intermedia",2011,673.150018429781
"AI","Acropora intermedia",2011,491.196514925829
"AI","Acropora intermedia",2011,366.761593226861
"AI","Acropora intermedia",2011,149.943306372364
"AI","Acropora intermedia",2011,11.5005868376607
"AI","Acropora intermedia",2011,779.56178444532
"AI","Acropora intermedia",2011,2246.30081584269
"AI","Acropora intermedia",2011,268.71861576623
"AI","Acropora intermedia",2011,1300.73542722664
"AI","Acropora intermedia",2011,1431.59724636673
"AI","Acropora intermedia",2011,18.1750392464678
"AI","Acropora intermedia",2011,1225.20231213873
"AI","Acropora intermedia",2011,197.645967289518
"AI","Acropora intermedia",2011,1481.92515592516
"AI","Acropora intermedia",2011,439.537302394379
"AI","Acropora intermedia",2011,1277.90300230947
"AI","Acropora intermedia",2011,262.69214876033
"AI","Acropora intermedia",2011,510.740373901201
"AI","Acropora intermedia",2011,622.035292556719
"AI","Acropora intermedia",2011,76.2546917115196
"AI","Acropora intermedia",2011,249.651091613956
"AI","Acropora intermedia",2011,605.951304673131
"AI","Acropora intermedia",2011,92.2800025041213
"AI","Acropora intermedia",2011,381.568347193348
"AI","Acropora intermedia",2011,445.926878984574
"AI","Acropora intermedia",2011,116.768912967221
"AI","Acropora intermedia",2011,309.339909038586
"AI","Acropora intermedia",2011,1129.63318777293
"AI","Acropora intermedia",2011,1010.42502684677
"AM","Acropora millepora",2011,828.544030685633
"AM","Acropora millepora",2011,553.70830721342
"AM","Acropora millepora",2011,412.172247162096
"AM","Acropora millepora",2011,327.721538501067
"AM","Acropora millepora",2011,1135.28369775809
"AM","Acropora millepora",2011,172.980942740196
"AM","Acropora millepora",2011,192.667007590031
"AM","Acropora millepora",2011,603.134369988147
"AM","Acropora millepora",2011,905.971637491688
"AM","Acropora millepora",2011,813.190638231551
"AM","Acropora millepora",2011,271.770006603053
"AM","Acropora millepora",2011,1023.47134822074
"AM","Acropora millepora",2011,260.057979859628
"AM","Acropora millepora",2011,91.0444477042686
"AM","Acropora millepora",2011,618.951074162831
"AM","Acropora millepora",2011,208.471473609275
"AM","Acropora millepora",2011,289.3955576474
"AM","Acropora millepora",2011,105.566132825624
"AM","Acropora millepora",2011,468.391820247411
"AM","Acropora millepora",2011,951.517578619004
"AM","Acropora millepora",2011,174.465461510834
"AM","Acropora millepora",2011,1378.96039603961
"AM","Acropora millepora",2011,548.65844487893
"AM","Acropora millepora",2011,1809.61558996262
"AM","Acropora millepora",2011,1356.03114394091
